unique_id,BuildNET ID,association_badges,State,Photo,District,Category,Sub Category,Name,Website,phone_number,Address,Location,Area,Pin Code,Rating Count,Review,Map Link,TAGS,PRODUCTS ,Email Id,PlusCode,latitude,latitude,Instagram Profile,Facebook Profile,Linkedin Profile,Twitter Profile,Images Folder
,,,,,Alappuzha,TMT,Building materials store,Kadakampally Agencies,,094477 73889,"P O, Kadakampally Agencies Charamangalam Muhamma, Alappuzha, Kerala 688525",Alappuzha,Kanjikkuzhi,688525,48,4.6,16196223968314042944,,,,,,,,,,,
,,,,,Alappuzha,TMT,Iron and steel store,Nandanam Steels And Sanitaries Gurupuram,,095394 42309,"Ward-4, Komalapuram, Aaryad, Alappuzha, Kerala 688006",Alappuzha,Kerala,688006,47,4,16426546007257889990,,,,,,,,,,,
,,,,,Alappuzha,TMT,Iron and steel store,Khadeeja Traders Alapuzha,,094968 28404,"Valiyamaram/ Stadium Vellakinar, Ward Rd, Kerala 688001",Alappuzha,Kerala,688001,67,4.7,6409348986814726405,,,,,,,,,,,
,,,,,Alappuzha,TMT,Building materials supplier,Kalliyath TMT | Best TMT Steel Bars in Kerala,http://www.kcare.in/,0484 234 4343,"34/1864, Kalliyath Building, Mamangalam, Kochi, Kerala 682025",Kochi,Ernakulam,682025,57,4.8,5140034856910418082,,,,,,,,,,,
,,,,,Alappuzha,TMT,Steel industry,METCON TMT,https://www.metconindia.com/,094470 65360,"IInd Floor Ebenezer Garden Building Edappally High School Junction, Kochi, Kerala 682024",Kochi,Ernakulam,682024,1595,4.9,5831840525370739147,,,,,,,,,,,
,,,,,Alappuzha,TMT,Hardware store,Sunitha Steel,,094963 15538,"East of Gandhi Junction, Kalarcode, Kaithavana, Alappuzha, Paravur, Kerala 688003",Alappuzha,Paravur,688003,7,4.4,11516183019949866588,,,,,,,,,,,
,,,,,Alappuzha,TMT,Pipe supplier,K.H Metals,,081295 95096,"Kaichoondi, Alappuzha, Kerala 688006",Alappuzha,Kerala,688006,26,4.7,3566588557378669107,,,,,,,,,,,
,,,,,Alappuzha,TMT,Iron and steel store,LEENA TRADERS,,094970 82630,"Valiyamaram Ward, Vellakkinar, Alappuzha, Kerala 688001",Alappuzha,Kerala,688001,10,4.1,5621055900680349071,,,,,,,,,,,
,,,,,Alappuzha,TMT,Steel industry,Bharathi TMT,http://www.bharathitmt.com/,085899 44435,"Kalliyath Building, beside Westleys Resto Cafe, 34/1864, Mamangalam, Kochi, Kerala 682025",Kochi,Ernakulam,682025,31,4.9,15968643864200223907,,,,,,,,,,,
,,,,,Alappuzha,TMT,Cement supplier,Makkah Traders,,097469 08010,"PVSIS Building, NH 66, Kuravanthodu, Punnapra, Alappuzha, Kerala 688004",Alappuzha,Kerala,688004,49,3.9,9381656767859414363,,,,,,,,,,,
,,,,,Alappuzha,TMT,Building materials supplier,Vadhyar Agencies,,,"M8QR%2B83F, Private Bus Stand Road, Pullurithakary, Cherthala, Kerala 688524",Cherthala,Kerala,688524,5,5,7351479376035661474,,,,,,,,,,,
,,,,,Alappuzha,TMT,Building materials store,Champakkattu Steel Land (P) Ltd,,094004 43343,"Cherthala Kanichukulangara Rd, Cherthala South, Kerala 688539",Cherthala South,Kerala,688539,31,4.2,10116774928706656824,,,,,,,,,,,
,,,,,Alappuzha,TMT,Steel distributor,MOHAN AGENCY TATA TISCON VIZAG TMT DEALER KALLIYATH TMT STEEL BAR CEMENT DEALER,,080899 42743,"kollasserimukku, Thevalakkara Vettamukku Rd, Karunagappalli, Kerala 690536",Karunagappalli,Kerala,690536,24,4.6,1090142760864919552,,,,,,,,,,,
,,,,,Alappuzha,TMT,Building materials store,SSK IRON TRADERS- ROOFING | CEMENT | TMT | STAINLESS STEEL | HARDWARE | PAINTS | PLUMBING |,https://instagram.com/sskirontraders?igshid=YmMyMTA2M2Y=,080898 49020,"Tricks Street, Danapady Rd, Haripad, Kerala 690548",Haripad,Kerala,690548,18,4.7,17766173611775089924,,,,,,,,,,,
,,,,,Alappuzha,TMT,Building materials supplier,PRINCE TRADERS,,094477 23043,"Cheramankulangara, Thathampally, Aryad South, Alappuzha, Kerala 688013",Aryad South,Alappuzha,688013,6,5,2305622469416187329,,,,,,,,,,,
,,,,,Alappuzha,TMT,Steel industry,KALLIYATH GROUP,http://kalliyathindia.com/,0484 234 4343,"Kalliyath Building, Edappally, Kochi, Ernakulam, Kerala 682025",Kochi,Ernakulam,682025,74,4.7,1229769455549123089,,,,,,,,,,,
,,,,,Alappuzha,TMT,Hardware store,Jyothis Hardwares,,095447 53064,"M958%2B5F6, Alappuzha, Kerala 688527",Alappuzha,Kerala,688527,19,3.7,2915620946291600049,,,,,,,,,,,
,,,,,Ernakulam,TMT,Warehouse,Tulsyan T.M.T,,0484 234 8818,"X8H7%2B2RJ, Mahakavi Vailoppilli Rd, Ponnurunni, Thammanam, Kochi, Ernakulam, Kerala 682019",Kochi,Ernakulam,682019,16,4.7,8799375928605046533,,,,,,,,,,,
,,,,,Ernakulam,TMT,Manufacturer,EVEREST Fe 550 TMT,http://everesttmt.com/,090728 80200,"Kochi Highway, nr. Kundannoor Bridge, Kundannoor, Maradu, Salem, Ernakulam, Kerala 682304",Salem,Ernakulam,682304,5,4.6,13970730364264279927,,,,,,,,,,,
,,,,,Ernakulam,TMT,Steel distributor,Premier Steels,https://www.thepremiersteels.com/,098460 40020,"Thammanam - Pullepady Rd, Kathrikadavu, Kaloor, Ernakulam, Kerala 682017",Ernakulam,Kerala,682017,64,4.6,13656604172240873422,,,,,,,,,,,
,,,,,Ernakulam,TMT,Building materials supplier,Jaihind Steel Private Limited,https://jaihindgroup.in/,0484 434 1111,"Service Rd, Vyttila, Kochi, Ernakulam, Kerala 682019",Kochi,Ernakulam,682019,32,4.2,7541841269548894314,,,,,,,,,,,
,,,,,Ernakulam,TMT,Iron and steel store,Vitson Steel Corp Pvt. Ltd,https://vitsonsteelcorp.in/,0484 220 5681,"X892%2BJ58, Temple Road, Kadavanthra Junction, Giri Nagar, Kadavanthra, Ernakulam, Kerala 682020",Ernakulam,Kerala,682020,251,4.8,3209207100834551154,,,,,,,,,,,
,,,,,Ernakulam,TMT,Iron and steel store,Popular Iron & Steel,,094471 89832,"NH Bye Pass, Maradu P.O, Chambakkara - Kannadikadu Rd, near VOLKSWAGEN SHOWROOM, Kannadikadu, Maradu, Kochi, Kerala 682304",Kochi,Ernakulam,682304,20,4.4,12068049579336528650,,,,,,,,,,,
,,,,,Ernakulam,TMT,Business center,Kalliyath Building,https://kalliyathindia.com/contact-us.php,,"Edappally, Kochi, Ernakulam, Kerala 682025",Kochi,Ernakulam,682025,57,4.2,11919103921188852948,,,,,,,,,,,
,,,,,Ernakulam,TMT,Iron and steel store,Vijaya Steels,,098950 40199,"Near, Kochi- Dhansushkodi Road, Junction, Kundannoor, Maradu, Kochi, Kerala 682304",Kochi,Ernakulam,682304,23,3.7,14311546517786291529,,,,,,,,,,,
,,,,,Ernakulam,TMT,Iron ware dealer,Vel Metals_ gi/ gp tubes and pipes/ roofing sheets/ Ms angles/ TMT steel/ cement .. dealers,,085898 86156,"Chottanikkara, Thrippunithura, Ernakulam, Kerala 682312",Ernakulam,Kerala,682312,21,4.7,1542598525454923814,,,,,,,,,,,
,,,,,Ernakulam,TMT,Iron and steel store,Ashick Enterprises- Cement dealer Ernakulam,,099957 37370,"Amrutha fuel, NH17, Thaikkavu, Cheranallur, Kochi, Kerala 683501",Kochi,Ernakulam,683501,72,4.9,11511906693884175752,,,,,,,,,,,
,,,,,Ernakulam,TMT,Iron and steel store,M Traders,,099958 95477,"272H%2B8P3, Mathai Manjooran Rd, Pachalam, Ernakulam, Kerala 682012",Ernakulam,Kerala,682012,9,4.7,6012023968285543239,,,,,,,,,,,
,,,,,Ernakulam,TMT,Iron and steel store,Metalex Agencies,http://www.metalexagencies.in/,098460 51915,"66/1914, TA Beerankunju Rd, near Metalex Agencies, North Kaloor, Kacheripady, Kochi, Ernakulam, Kerala 682018",Kochi,Ernakulam,682018,53,4.2,14553961911603103792,,,,,,,,,,,
,,,,,Ernakulam,TMT,Steel distributor,Mascom TMT,https://www.mascomtmt.com/,094465 71400,"8/30A, Dolphin Square, Ashokapuram, Aluva, Kerala 683101",Aluva,Kerala,683101,9,4.8,4290425461659204425,,,,,,,,,,,
,,,,,Ernakulam,TMT,Corporate office,INDIGO TMT,http://www.indigotmt.com/,,"3rd floor, INDIGO TMT Hi LITE Platino, 306 E, road, Shankar Nagar, Kannadikkadu, Maradu, Kochi, Kerala 682304",Kochi,Ernakulam,682304,1,5,3506333477390880322,,,,,,,,,,,
,,,,,Ernakulam,TMT,Steel distributor,STEEL KERALA- STEEL MANUFACTURER FACTORY OUTLET,,088919 76968,"Market Rd, Mekkara, Thrippunithura, Ernakulam, Kochi, Kerala 682301",Ernakulam,Kochi,682301,2,5,8663259172639936911,,,,,,,,,,,
,,,,,Ernakulam,TMT,Steel distributor,Shikha Metals,http://www.shikhametals.com/,096330 40504,"7/570 A, N.H Bypass Kundanoor, Service Rd, Kundannoor, Kochi, Kerala 682304",Kochi,Ernakulam,682304,12,4.8,13701481435981467889,,,,,,,,,,,
,,,,,Ernakulam,TMT,Building materials supplier,PromoteN,,,"Building No: 6, Industrial Developmental area, 631-D, Binanipuram, Edayar, Kochi, Kerala 683502",Kochi,Kerala,683502,7,3.6,6986366179480161260,,,,,,,,,,,
,,,,,Ernakulam,TMT,Building materials supplier,STEEL HOUSE,,098953 18444,"XIV/1, STEEL HOUSE, MC Rd, Mattoor, Kalady, Ernakulam, Kerala 683574",Kalady,Ernakulam,683574,47,4,14264705359727091973,,,,,,,,,,,
,,,,,Ernakulam,TMT,Iron and steel store,Kalliyath Steel Industries,http://kalliyathindia.com/,0484 245 5232,"Industrial Development Plot, Chemannoor, Angamaly South, Ernakulam, Angamaly, Kerala 680578",Ernakulam,Angamaly,680578,15,3.8,9035926889514392729,,,,,,,,,,,
,,,,,Ernakulam,TMT,Iron and steel store,Ameer Metal Stores,,098460 13209,"Ameer Complex, Chittoor Rd, Ayyappankavu, Ernakulam, Kerala 682018",Ernakulam,Kerala,682018,7,4.4,1526513466973572929,,,,,,,,,,,
,,,,,Ernakulam,TMT,Iron and steel store,Puthedath Traders,,095676 62837,"D. No. 33/2430- B, Service Rd, NH Bypass Road, Bhavaraparambu Junction, Chakkaraparambu, Thammanam, Kochi, Ernakulam, Kerala 682025",Kochi,Ernakulam,682025,8,3.8,10572454338978732616,,,,,,,,,,,
,,,,,Ernakulam,TMT,Steel industry,KAIRALI TMT STEEL BARS,https://kairalitmt.com/,0495 232 0025,"134/A Nida, Kanjikode, Kerala 678621",Kanjikode,Pudussery Central,678621,125,4.4,6305162558194952873,,,,,,,,,,,
,,,,,Ernakulam,TMT,Steel distributor,Thottathil Steels,,081296 82064,"32/1727 B N.H Bypass, Puthiya Road, bustop, Palarivattom, Kochi, Kerala 682025",Kochi,Ernakulam,682025,10,3.8,17447890959327536977,,,,,,,,,,,
,,,,,Ernakulam,TMT,Iron and steel store,Premier Steels,,0484 236 3616,"272W%2BV7G, Valiyaveettil, Jew St, Ernakulam, Kerala 680035",Ernakulam,Kerala,680035,5,4.6,10447836147170494693,,,,,,,,,,,
,,,,,Ernakulam,TMT,Point of interest,VAJRAM TMT,,,"W2QH%2BWWC, Adimali-Nedumkandam Road, Parathode, Kerala 685571",Parathode,Kerala,685571,0,,16123192428543584049,,,,,,,,,,,
,,,,,,,,,,,,,,,,,,,,,,,,,,,,
,,,,,Alappuzha,RMC,Ready mix concrete supplier,SCC Ready Mix Concrete,,098953 71234,"Kollakadavu Industrial Estate Eravankara Junction, Kochalummoodu - Pandalam Rd, Kallimel, Mavelikara, Kerala 690570",Mavelikara,Kerala,690570,28,4.3,5527856943402062369,,,,,,,,,,,
,,,,,Alappuzha,RMC,Ready mix concrete supplier,RDC Concrete (India) Limited,https://www.rdcconcrete.com/,093888 11111,"Manipuzha, Moolavattom, Nattakom, Kottayam, Kerala 686013",Nattakom,Kottayam,686013,20,4.9,10988273073426028865,,,,,,,,,,,
,,,,,Alappuzha,RMC,Ready mix concrete supplier,"Hywel ReadyMix Concrete | Kottayam,Pathanamthitta & Alleppey ( ഹൈവെൽ റെഡി മിക്സ് കോൺക്രീറ്റ് )",,095260 31900,"Industrial Development Plot , Thottappadi Road, Kunnamthanam, Thiruvalla, Kerala 689581",Thiruvalla,Kunnamthanam,689581,36,3.9,7036177934543301717,,,,,,,,,,,
,,,,,Alappuzha,RMC,Warehouse,Ultratech cement LTD,https://www.ultratechcement.com/,1800 210 3311,"F89W%2BXGQ, Alappuzha - Veliyanad Rd, opposite of National Saw Mill, Kalarcode, Pazhaveedu, Alappuzha, Paravur, Kerala 688003",Alappuzha,Paravur,688003,4,4.8,3694315433966289072,,,,,,,,,,,
,,,,,Alappuzha,RMC,Ready mix concrete supplier,RDC Concrete (India) Limited,http://rdcconcrete.com/,093888 11111,"XVI/2C, Chithrappuzha-Ponjassery Rd, near BPCL Pump, Ambalamugal, Ernakulam, Kerala 682302",Ernakulam,Kochi,682302,24,3.9,8048880428610020812,,,,,,,,,,,
,,,,,Alappuzha,RMC,Ready mix concrete supplier,RDC Concrete (India) Limited,http://www.rdcconcrete.com/,093888 11111,"Plot No. VI/58 %26 59 Industrial Development Area, Muppathadam Rd, P.O, Edayar, Kochi, Kerala 683110",Kochi,Kerala,683110,41,4.2,13688029315427009228,,,,,,,,,,,
,,,,,Alappuzha,RMC,Ready mix concrete supplier,RMC Readymix Concrete india Ltd (PRISM RMC) Prism johnson Ltd,http://www.rmcindia.com/,072111 52000,"Binanipuram, Edayar, Ernakulam, Kerala 683502",Ernakulam,Kerala,683502,26,4.3,9955325919672770286,,,,,,,,,,,
,,,,,Alappuzha,RMC,Ready mix concrete supplier,CVC Ready Mix Concrete,http://www.cherianvarkey.com/,098470 68369,"NH-47, Kumbalam, Panagad, Bridge, near Aroor Toll Plaza, Kumbalam, Kochi, Kerala 682502",Kochi,Ernakulam,682502,41,4.3,241625311996554104,,,,,,,,,,,
,,,,,Alappuzha,RMC,Ready mix concrete supplier,Inframarket RMC Plant - Kochi,https://infra.market/ready-mix-plant/ernakulam/rmc-plants-in-kochi/?utm_source=Google_Local&utm_medium=organic_local,096063 50000,"RE. Sy. No. 222/2, Post, Puthencurez Village, Ambalamugal, Kochi, Kerala 682302",Kochi,Kerala,682302,8,4.9,6082945942912295830,,,,,,,,,,,
,,,,,Alappuzha,RMC,Ready mix concrete supplier,ULTRA READY MIX CONCRETE PVT LTD UNIT 15,,,"C/o: TATA Project limited , Smart city(Kochi) No101/3, Puthencruz village, Brahmapuram(PO, Tk, Pallikkara, Kochi, Kerala 682303",Kochi,Kakkanad,682303,7,4.7,14256263566760714678,,,,,,,,,,,
,,,,,Alappuzha,RMC,Ready mix concrete supplier,Marymatha Concrete,,,"Kudannoor-Thoppumpady Bypass, Near Maritime University, opposite Kannangattu Bridge, Kochi, Kerala 682029",Kochi,Kerala,682029,42,4.5,960590971875918988,,,,,,,,,,,
,,,,,Alappuzha,RMC,Ready mix concrete supplier,Contour Readymix,,,"P. O, 33/365 B, Padamugal - Palachuvadu Rd, Vennala, Kochi, Kerala 682028",Kochi,Kerala,682028,32,4.1,12718126885417491898,,,,,,,,,,,
,,,,,Alappuzha,RMC,Ready mix concrete supplier,Marymatha Steel and Concrete,,0484 272 7600,"Kodinjoor, Ambalamugal, Ernakulam, Kerala 682302",Ernakulam,Kochi,682302,11,4.1,14219204729555819964,,,,,,,,,,,
,,,,,Alappuzha,RMC,Ready mix concrete supplier,ACC LIMITED - RMX DIVISION,https://www.acclimited.com/,1800 103 3444,"Edayar Industrial area, Binanipuram, Edayar, Kochi, Kerala 683502",Kochi,Kerala,683502,24,4,10332536356209972967,,,,,,,,,,,
,,,,,Alappuzha,RMC,Ready mix concrete supplier,SB Constructions RMC Plant,,,"XC72%2BGPX, Ambalamugal, Kochi, Kerala 682308",Kochi,Kerala,682308,2,4.5,9248505731766093141,,,,,,,,,,,
,,,,,Alappuzha,RMC,Ready mix concrete supplier,MGS Associates,http://www.mgsassociates.in/,094975 53900,"Flat No 406, Travancore Twinkle, Ayyappan Kavu, Kannachanthodu Road(West), %2B914844070907, Kochi, Kerala 682018",Kochi,Ernakulam,682018,3,5,2222730700563108950,,,,,,,,,,,
,,,,,Alappuzha,RMC,Building materials supplier,CENTRAL AGENCIES,,090720 00007,"51/1139A, Church Rd, opp. SBI ATM, Thykoodam, Vyttila, Kochi, Ernakulam, Kerala 682019",Kochi,Ernakulam,682019,51,4.9,7067651805589153474,,,,,,,,,,,
,,,,,Alappuzha,RMC,Ready mix concrete supplier,Idukki Ready-Mix Concrete,http://www.idukkirmc.com/,070340 00155,"SH44, Pareekanni, Kothamangalam, Kerala 686693",Kothamangalam,Kerala,686693,73,4.5,13396722738286763993,,,,,,,,,,,
,,,,,Alappuzha,RMC,Ready mix concrete supplier,KLAR KONKRETE,http://www.klarkonkrete.com/,0485 282 2772,"27/8 Pius Gardens, Road, Ayroorpadam, Kothamangalam, Kerala 686692",Kothamangalam,Thrikkariyoor,686692,42,4.5,7054742383046891107,,,,,,,,,,,
,,,,,Alappuzha,RMC,Cement supplier,Maria Cements & Agencies,,094002 59496,"Chaprayil Arcade, SH15, near SBI ATM, Kochupally, Udayamperoor, Thrippunithura, Ernakulam, Kerala 682307",Ernakulam,Kerala,682307,2,4.5,420775707314842476,,,,,,,,,,,
,,,,,Alappuzha,RMC,Concrete product supplier,Ulcc rmc congreet,,,"V824%2B5WR, Chandiroor, Kerala 688537",Kerala,,688537,2,3.5,8669244433703348486,,,,,,,,,,,
,,,,,Alappuzha,RMC,Construction material wholesaler,Hella Infra Market Limited (Infra.Market) - Kochi,https://infra.market/?utm_source=Google&utm_medium=GMB,096063 50000,"2nd Floor, Manjooran Estate, Cheranalllur Rd, Bypass Junction, Ponekkara, Edappally, Kochi, Ernakulam, Kerala 682024",Kochi,Ernakulam,682024,2,5,11875340381616212030,,,,,,,,,,,
,,,,,Alappuzha,RMC,Construction company,Ultratech Concrete,https://www.ultratechcement.com/for-infrastructure/infrastructure-solution/ready-mixed-concrete,,"Willingdon Island, NH966B, Kochi, Kerala 682029",Kochi,Kerala,682029,19,3.9,14300810844931404301,,,,,,,,,,,
,,,,,Alappuzha,RMC,Ready mix concrete supplier,Ultratech Cement Limited RMC Muvattupuzha,https://online.fliphtml5.com/jfuoh/ackt/#p=4,,"XJH9%2BQJV, Kalloorkad - Muvattupuzha Rd, Muvattupuzha, Kerala 686673",Muvattupuzha,Kerala,686673,4,5,7077469063974837583,,,,,,,,,,,
,,,,,Alappuzha,RMC,Ready mix concrete supplier,IM Enterprise,,,"X7PX%2BPXP Im Enterprise, Road, near Alreem, Kathrikadavu, Kaloor, Ernakulam, Kerala 682017",Ernakulam,Kerala,682017,0,,16009157495875148824,,,,,,,,,,,
,,,,,Alappuzha,RMC,Manufacturer,Ramco Cements Limited,https://ramcocements.in/,084823 74783,"X7JJ%2BHXR, Padma Junction, Pullepady, Ernakulam, Kerala 682035",Ernakulam,Kerala,682035,15,4.7,16161916505605290546,,,,,,,,,,,
,,,,,Alappuzha,RMC,Building materials supplier,DEVASSY & COMPANY,http://www.devassyandcompany.com/,094463 69430,"Kannankulangara, Thrippunithura, Ernakulam, Kerala 682301",Ernakulam,Kerala,682301,17,4.2,13463553627325607688,,,,,,,,,,,
,,,,,Alappuzha,RMC,Manufacturer,Asian Construction Equipment Company,http://www.asianequipments.com/,098473 40752,"Door No: 46/832-D, Sreepadam, Chalikkavattom, Vennala P.O, Kochi, Kerala 682028",Kochi,Kakkanad,682028,90,4.4,2359330885341897332,,,,,,,,,,,
,,,,,Alappuzha,RMC,Ready mix concrete supplier,Chithira well,,,"X8R9%2B58W, Chakkaraparambu, Vennala, Kochi, Ernakulam, Kerala 682028",Kochi,Ernakulam,682028,0,,4923080901902528810,,,,,,,,,,,
,,,,,Alappuzha,RMC,Ready mix concrete supplier,Best Readymix Concrete,http://www.bestreadymix.com/,085890 94477,"BEST READYMIX CONCRETES, SY NO.240/2-2, 240/2 PULIYANAM P O, PARAKKADAVU, Angamaly, Kerala 683572",Angamaly,Kerala,683572,5,3.6,14163801449603727612,,,,,,,,,,,
,,,,,Alappuzha,RMC,Construction company,Cherian Varkey Construction Company,http://www.cherianvarkey.com/home,0484 412 0666,"5th floor, Alpha Plaza, KP Vallon Rd, Giri Nagar, Kadavanthra, Kochi, Ernakulam, Kerala 682020",Kochi,Ernakulam,682020,97,4.6,2701153299200545106,,,,,,,,,,,
,,,,,Alappuzha,RMC,Cement supplier,Chakkanattu Agencies,,094959 65347,"Dhanuskodi Road, Shastri Nagar, Maradu, Ernakulam, Kerala 682304",Ernakulam,Kerala,682304,32,4.5,1579855648088217510,,,,,,,,,,,
,,,,,Alappuzha,RMC,Ready mix concrete supplier,A ONE CONCRETE SOLUTION,,,"CHEMPUZHA, Devankulangara, Mamangalam, Edappally, Ernakulam, Kerala 682024",Ernakulam,Kerala,682024,0,,4110115477103531214,,,,,,,,,,,
,,,,,Alappuzha,RMC,Concrete product supplier,CP-30 RMC PLANT,https://www.sccgroup.co.in/,,"65RV%2BF8X, Kavi Nagar, Kodungallur, Kerala 680664",Kodungallur,Kerala,680664,0,,12216435969000625707,,,,,,,,,,,
,,,,,Idukki,RMC,Ready mix concrete supplier,Idukki Ready-Mix Concrete,http://www.idukkirmc.com/,070340 00155,"Kanjirappally-Manimala Road Chirakadavu, PO, Kanjirappally, Kerala 686520",Kanjirappally,Kerala,686520,28,4.7,3936704889168836007,,,,,,,,,,,
,,,,,Alappuzha,RENTAL,Car rental agency,"EVM WHEELS, Self Drive Rent A Car Company in Alappuzha/Alleppey, Kerala.",http://www.evmwheels.com/,079028 10000,,,,,,,,,,,,,,,,,,
,,,,,Alappuzha,RENTAL,Scooter rental service,Casabella Rental Scooter | Bike Rent In Alleppey | Scooters For Rent In Alappuzha,https://casabellarentalbike.com/,090377 77881,,,,,,,,,,,,,,,,,,
,,,,,Alappuzha,RENTAL,Condominium rental agency,For rent,http://www.alleppeyproperty.com/,,,,,,,,,,,,,,,,,,,
,,,,,Alappuzha,RENTAL,Motorcycle rental agency,New Seiko Tours | Alleppey Bike Rentals Rental Scooter alappuzha | Bike Rent In Alleppey | Homestay & Rooms alappuzha,https://www.newseikotours.com/,099479 93332,,,,,,,,,,,,,,,,,,
,,,,,Alappuzha,RENTAL,Wedding dress rental service,Vivah Wedding & Party Rental Alappuzha,,089212 17340,,,,,,,,,,,,,,,,,,
,,,,,Alappuzha,RENTAL,Houseboat rental service,Alleppey Houseboats | Alleppey Boat House - Waves and Dales Alleppey Houseboat,http://www.wavesanddales.com/,087141 98338,,,,,,,,,,,,,,,,,,
,,,,,Alappuzha,RENTAL,Wedding dress rental service,Posh Wedding Rental Alappuzha,https://www.poshweddingrental.com/,081369 72220,,,,,,,,,,,,,,,,,,
,,,,,Alappuzha,RENTAL,Car leasing service,Royal Wedding Cars,https://wa.link/0dotz9,097463 99382,,,,,,,,,,,,,,,,,,
,,,,,Alappuzha,RENTAL,Scooter rental service,alleppey bike rentals/Nanni Tours and Travels,http://www.nannibikerentals.com/,098950 39767,,,,,,,,,,,,,,,,,,
,,,,,Alappuzha,RENTAL,Transportation service,New Seiko tours and travels,http://www.newseikotours.com/,098479 93336,,,,,,,,,,,,,,,,,,
,,,,,Alappuzha,RENTAL,Houseboat rental service,Alappuzha Boat House - Alleppey Boat House - Kerala Boat House,http://alappuzhaboathouse.org/,094969 40089,,,,,,,,,,,,,,,,,,
,,,,,Alappuzha,RENTAL,Houseboat rental service,Alleppey Boathouse,http://www.alleppeyboathousebooking.com/,,,,,,,,,,,,,,,,,,,
,,,,,Alappuzha,RENTAL,Car rental agency,Rent A Car,,,,,,,,,,,,,,,,,,,,
,,,,,Alappuzha,RENTAL,Bridal shop,Izaash Premium Rentals Alappuzha,,,,,,,,,,,,,,,,,,,,
,,,,,Alappuzha,RENTAL,Houseboat rental service,ToursInIndia,http://www.toursinindia.in/houseboats-in-alleppey/,070250 06776,,,,,,,,,,,,,,,,,,
,,,,,Alappuzha,RENTAL,Corporate office,Rent a scooter,,077363 03700,,,,,,,,,,,,,,,,,,
,,,,,Alappuzha,RENTAL,Scooter rental service,Alleppey Scooter/Bike Rentals,http://www.gokeralatravelcompany.com/,099959 17017,,,,,,,,,,,,,,,,,,
,,,,,Alappuzha,RENTAL,Scooter rental service,"Kerala Trails Rent a Scooter , Bike & Houseboats",https://www.keralatrails.com/,098473 00003,,,,,,,,,,,,,,,,,,
,,,,,Alappuzha,RENTAL,Houseboat rental service,Exotica Cruises,http://www.exoticahouseboatcruises.com/,096565 54666,,,,,,,,,,,,,,,,,,
,,,,,Alappuzha,RENTAL,Car rental agency,Saji Solomon,,095392 05026,,,,,,,,,,,,,,,,,,
,,,,,Alappuzha,RENTAL,Houseboat rental service,Alleppey lake Houseboat,https://www.alleppeylakehouseboat.com/,088488 73151,,,,,,,,,,,,,,,,,,
,,,,,Alappuzha,RENTAL,Vacation home rental agency,Angels' Homestay Marari,,094975 31202,,,,,,,,,,,,,,,,,,
,,,,,Alappuzha,RENTAL,Houseboat rental service,Boatsandrides Kerala,,,,,,,,,,,,,,,,,,,,
,,,,,Alappuzha,RENTAL,Houseboat rental service,Houseboat Alappuzha,https://leisurehouseboats.com/,090484 61872,,,,,,,,,,,,,,,,,,
,,,,,Alappuzha,RENTAL,Houseboat rental service,Lumiere holidays,https://www.lumiereholidays.com/kerala-packages/kerala-houseboat-packages,095262 32221,,,,,,,,,,,,,,,,,,
,,,,,Alappuzha,RENTAL,Houseboat rental service,Alappuzha Houseboats and Kayaking,https://kerala-boathouse.in/premium-houseboat-in-alleppey/,,,,,,,,,,,,,,,,,,,
,,,,,Alappuzha,RENTAL,Boat rental service,Surya Getways Houseboat Services Alleppey,,095395 94789,,,,,,,,,,,,,,,,,,
,,,,,Alappuzha,RENTAL,Houseboat rental service,Boats N Beds,https://boatsnbeds.com/,073061 23461,,,,,,,,,,,,,,,,,,
,,,,,Alappuzha,RENTAL,Houseboat rental service,Alleppey Boating,https://alleppeyboating.com/,079940 63096,,,,,,,,,,,,,,,,,,
,,,,,Alappuzha,RENTAL,Boat rental service,Lakeview Cruise,,096057 00847,,,,,,,,,,,,,,,,,,
,,,,,Alappuzha,RENTAL,Houseboat rental service,"Nisha Houseboat Tours & Travel, Alleppey",https://kerala-boathouse.in/,098461 15026,,,,,,,,,,,,,,,,,,
,,,,,Alappuzha,RENTAL,Boat rental service,PM SHIKKARA BOAT ALAPPUZHA,,,,,,,,,,,,,,,,,,,,
,,,,,Alappuzha,RENTAL,Houseboat rental service,Rado HouseBoats Alleppey Kerala INDIA.,https://radohouseboats.business.site/,077366 56144,,,,,,,,,,,,,,,,,,
,,,,,Alappuzha,RENTAL,Boat rental service,Alleppey boathouse,http://www.alleppeyhouseboats.org/,,,,,,,,,,,,,,,,,,,
,,,,,Alappuzha,RENTAL,Houseboat rental service,Alleppey Houseboat Club,https://alleppeyhouseboatclub.com/,099953 25422,,,,,,,,,,,,,,,,,,
,,,,,Alappuzha,RENTAL,Boat tour agency,𝙆𝙪𝙩𝙩𝙖𝙣𝙖𝙙 𝘽𝙖𝙘𝙠𝙬𝙖𝙩𝙚𝙧 𝘾𝙧𝙪𝙞𝙨𝙚,https://kuttanadbackwatercruise.com/,073068 94492,,,,,,,,,,,,,,,,,,
,,,,,Alappuzha,RENTAL,Canoe & kayak tour agency,Nadodi Kayaking in Alleppey,https://nadodikayaking.com/,098472 62585,,,,,,,,,,,,,,,,,,
,,,,,Alappuzha,RENTAL,Car rental agency,Riwan Cab,,,,,,,,,,,,,,,,,,,,
,,,,,Alappuzha,RENTAL,Houseboat rental service,Alleppey Holidayz,,095624 52357,,,,,,,,,,,,,,,,,,
,,,,,Alappuzha,RENTAL,Apartment building,Apartment for rent for bachelors,,,,,,,,,,,,,,,,,,,,
,,,,,Alappuzha,RENTAL,Car rental agency,A BigChef’s Concern - KALE,,,,,,,,,,,,,,,,,,,,
,,,,,Alappuzha,RENTAL,Houseboat rental service,Pulickattil Houseboats,http://www.pulickattilhouseboat.com/,099470 34555,,,,,,,,,,,,,,,,,,
,,,,,Alappuzha,RENTAL,Boat rental service,Boathouse Alleppey,http://www.keralaboathousebooking.blogspot.in/,098954 07909,,,,,,,,,,,,,,,,,,
,,,,,Alappuzha,RENTAL,Taxi service,Rent a bike,http://www.tourismparadise.com/,,,,,,,,,,,,,,,,,,,
,,,,,Alappuzha,RENTAL,Boat rental service,Alappuzha village tour,http://houseboatalappuzha.com/,,,,,,,,,,,,,,,,,,,
,,,,,Alappuzha,RENTAL,Houseboat rental service,Vino Houseboat Alappuzha,https://www.instagram.com/alappuzhaboathouse.co/,,,,,,,,,,,,,,,,,,,
,,,,,Alappuzha,RENTAL,Boat tour agency,Aquavista alleppey houseboat tours,https://aquavistaalleppey.com/,077369 33623,,,,,,,,,,,,,,,,,,
,,,,,Alappuzha,RENTAL,Apartment building,Alappuzha Rooms sri sai complex,,,,,,,,,,,,,,,,,,,,
,,,,,Alappuzha,RENTAL,Houseboat rental service,Houseboat alappuzha,http://houseboatalappuzha.com/,,,,,,,,,,,,,,,,,,,
,,,,,Alappuzha,RENTAL,Tour agency,Alleppey Backwaters,http://www.alleppeybackwatertour.com/,098954 07909,,,,,,,,,,,,,,,,,,
,,,,,Ernakulam,Cement,Cement supplier,DEVASSY & COMPANY,http://www.devassyandcompany.com/,096450 87830,"X8MJ%2B6MQ, Eroor Rd, Kappattikavu, Eroor North, Eroor, Ernakulam, Kochi, Kerala 682306",Ernakulam,Kochi,682306,76,4.9,9867363529569050914,,,,,,,,,,,
,,,,,Alappuzha,Cement,Iron and steel store,Khadeeja Traders Alapuzha,,094968 28404,"Valiyamaram/ Stadium Vellakinar, Ward Rd, Kerala 688001",Alappuzha,Kerala,688001,67,4.7,6409348986814726405,,,,,,,,,,,
,,,,,Alappuzha,Cement,Building materials market,Kadakampally Home Stories,http://www.kadakampallygroup.com/,070128 65052,"SH40, Kayippuram, Cheruvaranam, Muhamma, Kerala 688525",Muhamma,Kerala,688525,61,4.7,814834967122404130,,,,,,,,,,,
,,,,,Alappuzha,Cement,Building materials supplier,CENTRAL AGENCIES,,090720 00007,"51/1139A, Church Rd, opp. SBI ATM, Thykoodam, Vyttila, Kochi, Ernakulam, Kerala 682019",Kochi,Ernakulam,682019,51,4.9,7067651805589153474,,,,,,,,,,,
,,,,,Alappuzha,Cement,Cement supplier,Makkah Traders,,097469 08010,"PVSIS Building, NH 66, Kuravanthodu, Punnapra, Alappuzha, Kerala 688004",Alappuzha,Kerala,688004,49,3.9,9381656767859414363,,,,,,,,,,,
,,,,,Alappuzha,Cement,Building materials store,Kadakampally Agencies,,094477 73889,"P O, Kadakampally Agencies Charamangalam Muhamma, Alappuzha, Kerala 688525",Alappuzha,Kanjikkuzhi,688525,48,4.6,16196223968314042944,,,,,,,,,,,
,,,,,Alappuzha,Cement,Cement manufacturer,Travancore Cements Ltd.,http://www.travcement.com/,0481 236 1371,"HG56%2BR4P, Rd to Kottayam Port, Moolavattom, Nattakom, Kerala 686013",Nattakom,Kerala,686013,43,3.8,957592011111403999,,,,,,,,,,,
,,,,,Alappuzha,Cement,Ready mix concrete supplier,CVC Ready Mix Concrete,http://www.cherianvarkey.com/,098470 68369,"NH-47, Kumbalam, Panagad, Bridge, near Aroor Toll Plaza, Kumbalam, Kochi, Kerala 682502",Kochi,Ernakulam,682502,41,4.3,241625311996554104,,,,,,,,,,,
,,,,,Alappuzha,Cement,Iron and steel store,Jetty agencies ജെട്ടി ഏജൻസി,http://jettyagencies.net/,0478 296 2388,"P.O, Kombanamuri Perumbalam Jn. Rd, Thrichattukulam, Panavally, Kerala 688524",Panavally,Kerala,688524,40,4.7,14591400279701916143,,,,,,,,,,,
,,,,,Alappuzha,Cement,Ready mix concrete supplier,"Hywel ReadyMix Concrete | Kottayam,Pathanamthitta & Alleppey ( ഹൈവെൽ റെഡി മിക്സ് കോൺക്രീറ്റ് )",,095260 31900,"Industrial Development Plot , Thottappadi Road, Kunnamthanam, Thiruvalla, Kerala 689581",Thiruvalla,Kunnamthanam,689581,36,3.9,7036177934543301717,,,,,,,,,,,
,,,,,Ernakulam,Cement,Cement supplier,KK TRADERS KAKKANAD,,098464 05316,"Thrikkakara, Edappally, Ernakulam, Kochi, Kerala 682021",Ernakulam,Kochi,682021,35,4.7,5477262871015952121,,,,,,,,,,,
,,,,,Alappuzha,Cement,Cement supplier,Tholatt Cements,,,"Thuravoor, Thuravoor Thekku, Kerala 688532",Thuravoor Thekku,Kerala,688532,34,4.1,1228060152909267386,,,,,,,,,,,
,,,,,Alappuzha,Cement,Cement supplier,Chakkanattu Agencies,,094959 65347,"Dhanuskodi Road, Shastri Nagar, Maradu, Ernakulam, Kerala 682304",Ernakulam,Kerala,682304,32,4.5,1579855648088217510,,,,,,,,,,,
,,,,,Alappuzha,Cement,Cement manufacturer,Malabar Cement Factory,http://www.malabarcements.com/,0478 255 2186,"Industrial Growth Centre, Pallipuram, Kerala 688541",Pallipuram,Kerala,688541,29,3.9,12625397771818312446,,,,,,,,,,,
,,,,,Alappuzha,Cement,Ready mix concrete supplier,SCC Ready Mix Concrete,,098953 71234,"Kollakadavu Industrial Estate Eravankara Junction, Kochalummoodu - Pandalam Rd, Kallimel, Mavelikara, Kerala 690570",Mavelikara,Kerala,690570,28,4.3,5527856943402062369,,,,,,,,,,,
,,,,,Alappuzha,Cement,Pipe supplier,K.H Metals,,081295 95096,"Kaichoondi, Alappuzha, Kerala 688006",Alappuzha,Kerala,688006,26,4.7,3566588557378669107,,,,,,,,,,,
,,,,,Alappuzha,Cement,Cement manufacturer,Zuari Cement Ltd,http://www.zuaricements.com/,,"Bulk Cement and Bagging Terminal, behind Q5 Berth, Wharf, Willingdon Island, Kochi, Kerala 682009",Kochi,Kerala,682009,26,4.5,5160224763124910875,,,,,,,,,,,
,,,,,Alappuzha,Cement,Cement manufacturer,Penna Cement Industries Limited,https://www.pennacement.com/,040 4456 5100,"Bulk Cement Terminal and Bagging Plant, Willingdon Island, Kochi, Kerala 682003",Kochi,Kerala,682003,25,4.5,17924609480457975818,,,,,,,,,,,
,,,,,Alappuzha,Cement,Construction company,BIJI BUILDERS,http://www.fb.com/bijiconstructionengineers,077367 05170,"Soumya Complex, Vellakinar Rd, Civil Station Ward, Alappuzha, Kerala 688001",Alappuzha,Kerala,688001,23,4.8,17154626548534846568,,,,,,,,,,,
,,,,,Alappuzha,Cement,Building materials supplier,Salam Traders Valanjavazhy Alappuzha,,099959 55284,"S n kavala, Salem - Kochi, Panvel - Kochi - Kanyakumari Hwy, Ambalapuzha, Kerala 688005",Ambalapuzha,Kakkazham,688005,22,4,5458056447447195218,,,,,,,,,,,
,,,,,Alappuzha,Cement,Cement manufacturer,Cochin Cements Ltd,http://www.cclcement.com/,04829 256 755,"Mevelloor, Velloor, Kerala 686609",Velloor,Kerala,686609,20,4.2,17804204869904198102,,,,,,,,,,,
,,,,,Alappuzha,Cement,Ready mix concrete supplier,RDC Concrete (India) Limited,https://www.rdcconcrete.com/,093888 11111,"Manipuzha, Moolavattom, Nattakom, Kottayam, Kerala 686013",Nattakom,Kottayam,686013,20,4.9,10988273073426028865,,,,,,,,,,,
,,,,,Ernakulam,Cement,Cement supplier,Vattathil Agencies,,,"Vadhyar Rd, Kathrikadavu, Kaloor, Ernakulam, Kerala 682017",Ernakulam,Kerala,682017,20,5,4258212710568987771,,,,,,,,,,,
,,,,,Ernakulam,Cement,Hardware store,Valiyakulangara Hardwares & Cements.,,0484 277 8440,"Hill Palace Rd, opposite RCM Eye Hospital, Kannankulangara, Thrippunithura, Ernakulam, Kerala 682301",Ernakulam,Kerala,682301,20,4.6,1731448087014362915,,,,,,,,,,,
,,,,,Alappuzha,Cement,Building materials store,MALIYAKKAL TRADERS,,096330 78893,"Karoor - Ambalapuzha Temple Rd, Ambalapuzha, Kerala 688561",Ambalapuzha,Kerala,688561,17,4.9,13413211699272117859,,,,,,,,,,,
,,,,,Ernakulam,Cement,Manufacturer,Ramco Cements Limited,https://ramcocements.in/,084823 74783,"X7JJ%2BHXR, Padma Junction, Pullepady, Ernakulam, Kerala 682035",Ernakulam,Kerala,682035,15,4.7,16161916505605290546,,,,,,,,,,,
,,,,,Alappuzha,Cement,Building materials supplier,Sand Park Yard,,097465 49887,"Near, Kaichoodi mukk Asramam Jn, kommadi bridge, Alappuzha, Kerala 688501",Alappuzha,Kerala,688501,14,5,14199799187008164651,,,,,,,,,,,
,,,,,Alappuzha,Cement,Hardware store,Sunitha Steel,,094963 15538,"East of Gandhi Junction, Kalarcode, Kaithavana, Alappuzha, Paravur, Kerala 688003",Alappuzha,Paravur,688003,7,4.4,11516183019949866588,,,,,,,,,,,
,,,,,Alappuzha,Cement,Paving materials supplier,3 star cement Products,,090371 73621,"G8VJ%2BR36, Aikyabharatham, Alappuzha, Kerala 688006",Alappuzha,Kerala,688006,7,4.6,10047611706743568264,,,,,,,,,,,
,,,,,Alappuzha,Cement,Building materials store,Saga traders - Cement dealer,,090373 82942,"valiya Chudukadu JN, Thiruvambady, p.o, Alappuzha, Kerala 688002",Alappuzha,Kerala,688002,6,5,6038289278173552820,,,,,,,,,,,
,,,,,Alappuzha,Cement,Building materials supplier,Kaithavalappil Agencies,,0478 208 0396,"Cherthala, Thuravoor Thekku, Kerala 688532",Thuravoor Thekku,Kerala,688532,6,5,3243602621894584495,,,,,,,,,,,
,,,,,Alappuzha,Cement,Building materials supplier,PRINCE TRADERS,,094477 23043,"Cheramankulangara, Thathampally, Aryad South, Alappuzha, Kerala 688013",Aryad South,Alappuzha,688013,6,5,2305622469416187329,,,,,,,,,,,
,,,,,Alappuzha,Cement,Iron and steel store,Puthenpurayil Agencies - STEEL AND CEMENT,http://facebook.com/puthenpurayilagencies,098474 01018,"National Highway, Bye Pass, near Aroor Toll booth, Kumbalam, Kochi, Kerala 682506",Kochi,Ernakulam,682506,6,5,14185663431064708394,,,,,,,,,,,
,,,,,Alappuzha,Cement,Hardware store,SKG Stores,,099619 20551,"Kaichoondi, Alappuzha, Kerala 688013",Alappuzha,Kerala,688013,5,5,12257383427187401850,,,,,,,,,,,
,,,,,Alappuzha,Cement,Warehouse,Ultratech cement LTD,https://www.ultratechcement.com/,1800 210 3311,"F89W%2BXGQ, Alappuzha - Veliyanad Rd, opposite of National Saw Mill, Kalarcode, Pazhaveedu, Alappuzha, Paravur, Kerala 688003",Alappuzha,Paravur,688003,4,4.8,3694315433966289072,,,,,,,,,,,
,,,,,Alappuzha,Cement,Cement supplier,Priyam agencies,,094476 06050,"opposite to East Venice motors, Kalarcode, Punnapra North, Alappuzha, Kerala 688003",Alappuzha,Kerala,688003,4,4.8,15878185079680174727,,,,,,,,,,,
,,,,,Alappuzha,Cement,Construction material wholesaler,Hagencort Trading LLP,http://www.hagencort.com/,082818 65526,"Hagencort, 2nd Floor, Ishaa Arcade, near SBI NH47 Branch, Municipal Stadium Ward, Vellakkinar, Alappuzha, Kerala 688001",Alappuzha,Kerala,688001,4,5,4549492603717538980,,,,,,,,,,,
,,,,,Alappuzha,Cement,Iron and steel store,Alleppey Steel House,https://alleppeysteelhouse.com/,075920 07863,"AMEEN BUILDING WEST OF, JN, Vazhicherry Ward, Alappuzha, Kerala 688001",Alappuzha,Kerala,688001,4,2,5835027968740683397,,,,,,,,,,,
,,,,,Alappuzha,Cement,Home builder,Ferro Cement Septic Tank,,094479 44641,"near little flower church, kalavoor, Alappuzha, Kerala 688522",Alappuzha,Kerala,688522,3,5,16505132872933545034,,,,,,,,,,,
,,,,,Alappuzha,Cement,Cement supplier,Surya Cements mulamthuruthy,,097447 05549,"Pallithazham, Mulanthuruthy, Kerala 682314",Mulanthuruthy,Kerala,682314,2,4.5,102487809413574065,,,,,,,,,,,
,,,,,Alappuzha,Cement,Cement supplier,Maria Cements & Agencies,,094002 59496,"Chaprayil Arcade, SH15, near SBI ATM, Kochupally, Udayamperoor, Thrippunithura, Ernakulam, Kerala 682307",Ernakulam,Kerala,682307,2,4.5,420775707314842476,,,,,,,,,,,
,,,,,Alappuzha,Cement,Cement supplier,Jetty stores,,099951 04854,"Hidayath JN, Vaduthala Jetty Road, Arookutty, Kerala 688535",Kerala,,688535,2,5,2083803513775861356,,,,,,,,,,,
,,,,,Alappuzha,Cement,Cement supplier,Jayakrishna Traders,,099952 98940,"Kalarcode, Vadakkal, Alappuzha, Kerala 688003",Alappuzha,Kerala,688003,1,5,15524871222128823830,,,,,,,,,,,
,,,,,Alappuzha,Cement,Hardware store,M.S Traders,,089439 86707,"6760/D, Jetty Road, Punnamada, Kottankulangara, Alappuzha, Kerala 688006",Alappuzha,Kerala,688006,1,5,10279936715626786983,,,,,,,,,,,
,,,,,Alappuzha,Cement,Cement manufacturer,Daksha cement works,,090378 08080,"Thanky jn ...near federal bank thanky, Cherthala, Kerala 688531",Cherthala,Kerala,688531,0,,10065427813217457711,,,,,,,,,,,
,,,,,Alappuzha,Cement,Septic system service,periyar cement products,,098461 88752,"opposite near Moham host, Ezhupunna, Kerala 688535",Ezhupunna,Kerala,688535,0,,5955310761481248075,,,,,,,,,,,
,,,,,Alappuzha,Cement,Cement supplier,Punchiri Traders Cement,,,"RC8F%2B3M7, near Methrukovil Temple, Brahmamangalam, Kerala 686605",Brahmamangalam,Kerala,686605,0,,3558793885007853260,,,,,,,,,,,
,,,,,Alappuzha,Cement,Paint store,Kochin Traders,,094474 63325,"1, Kalarcode, Eravukadu, Alappuzha, Kerala 688003",Alappuzha,Kerala,688003,0,,1586551854640702305,,,,,,,,,,,
,,,,,Alappuzha,Cement,Cement supplier,ANUSREE AGENCIES,,,"Roadmuku, North, Aaryad, Alappuzha, Kerala 688538",Alappuzha,Kerala,688538,0,,5817641273683868799,,,,,,,,,,,
,,,,,Alappuzha,Cement,Cement supplier,Veliyil stores,,,"H8P4%2BM4H, Alappuzha, Kerala 688522",Alappuzha,Kerala,688522,0,,11250057347671557568,,,,,,,,,,,
,,,,,,,,,,,,,,,,,,,,,,,,,,,,
,,,,,,,,,,,Address,Website,Email Id,PlusCode,latitude,latitude,Instagram Profile,Facebook Profile,Linkedin Profile,Twitter Profile,Images Folder,,,,,,,
,,,,,,,"Architect in Perintalmanna, Kerala",R+A Architects | Award winning architectural firm based in Kerala.,,8075000381,"near whitesupermarket, Kuttippara, Pathaikkara, Perinthalmanna, Kerala 679322",,,,105 reviews,5.0,,,,,,10.974067,76.2379984,https://www.instagram.com/rplusaarchitects/,https://www.facebook.com/rplusaarchitects/,,,
,,,,,,,"Architect in Kollam, Kerala",NORDit Architects,http://www.norditarchitects.com/,8921757310,"NORDit Architects Cantonment North, Chinnakada, Kollam, Kerala 691001",,info@norditarchitects.com,,95 reviews,5.0,,,,,,8.8889549,76.5913985,https://www.instagram.com/nordit.architects/,https://www.facebook.com/nordit.architects/,https://in.linkedin.com/in/jefin-jose-801980113,,
,,,,,,,"Architect in Perintalmanna, Kerala",barefoot architects,,9895228110,"2nd floor, Aydish Tower, Bypass road, near bismi hypermarket, Perinthalmanna, Kerala 679322",,,,20 reviews,5.0,,,,,,10.9887275,76.2257059,https://www.instagram.com/barefoot.architects/?locale=my,,https://in.linkedin.com/company/barefootarchitects,,
,,,,,,,Architecture firm in Kerala,Saveeto Design Studio,http://www.saveeto.com/,8089122217,"Subash Chandra, Aratt Williams manor, First floor , 53/989 B2, Subhash Chandra Bose Rd, Vyttila, Kochi, Kerala 682019",,info@saveeto.com,,74 reviews,5.0,,,,,,9.9731439,76.30807349999999,https://www.instagram.com/saveeto_design_studio/,https://www.facebook.com/saveetodesignstudio/,,,
,,,,,,,Architecture firm in Kerala,V DESIGNS ARCHITECTS & ENGINEERS,,9901617677,"1st, Geethanjali Complex, Landmark:, near Private Bus Stand, above Maharaja Gold & Diamonds, FACT Nagar, Thrippunithura, Ernakulam, Kerala 682301",,,,15 reviews,5.0,,,,,,10.001195000000001,76.313904,,,,,
,,,,,,,"Architect in Kochi, Kerala",Menon Architects,http://www.menonarchitects.in/aboutus.html,4842210816,"9/999, Kenberi Road, Pandikudy, Chullickal, Kochi, Kerala 682002",,,,26 reviews,5.0,,,,,,9.987941,76.27929,,,,,
,,,,,,,Architecture firm in Kerala,GAGGLE architects,https://instagram.com/gagglearchitects?utm_medium=copy_link,,"G-296, Kanianthara, Panampilly Nagar, Ernakulam, Kerala 682036",,,,40 reviews,5.0,,,,,,10.5354985,76.2056119,https://www.instagram.com/gagglearchitects/,https://www.facebook.com/gagglearchitects/,,,
,,,,,,,Architect in Kerala,ZX Architects,https://www.zxarchitects.com/,8129039039,"4th Floor, National Builders, Changampuzha Metro Station, Kochi",,,,28 reviews,5.0,,,,,,10.0232514,76.34195009999999,https://www.instagram.com/zx_studios/,,,,
,,,,,,,Architecture firm in Kerala,Home Seed Architects and Interior services,http://homeseedarchitects.com/,,"Ambelipadam Road, Janatha, Thykoodam, Vyttila, Ernakulam, Kerala 682019",,homeseeddesigns@gmail.com,,43 reviews,5.0,,,,,,9.9901064,76.2764988,https://www.instagram.com/homeseed_architects/,https://www.facebook.com/homeseedarchitects/,,,
,,,,,,,"Real estate builders & construction company in Aluva, Kerala",GreenToday Architects and Engineers Construction Company in Kochi Ernakulam,https://greentodayarchitects.com/,9074572030,"Peedikayil Building, Cochin Bank Junction, Aluva, Kerala 683101",,greentodayarchitects@gmail.com,,48 reviews,5.0,,,,,,10.001195000000001,76.313904,,,,,
,,,,,,,Architect in Kerala,Tri Angle Design & Build,,4842801855,"96 A, Maaliyam veedu lane, Opp. Edappally Jamath Auditorium,NH - 17 service road, Kochi, Kerala 682024",,,,16 reviews,5.0,,,,,,9.949359,76.319813,https://www.instagram.com/designbuildtriangle/,https://www.facebook.com/triangledesignstudio/,https://in.linkedin.com/company/tri-angle-design-build,,
,,,,,,,Architect in Kerala,SAAD Architects,,,"P O, Door No 38/2391 C1, First Floor, KMD Square, Ave George Rd, Kumaranasan Jn, Gandhi Nagar, Elamkulam, Kochi, Kerala 682017",,,,14 reviews,5.0,,,,,,10.0006063,76.312941,https://www.instagram.com/sa.ad_architects/,https://www.facebook.com/architectsaad/,,,
,,,,,,,Architecture firm in Kerala,Durga Sarath Architects,,,"Ponekkara Rd, Near Changampuzha Park, Devankulangara, Edappally, Ernakulam, Kerala 682024",,,,5 reviews,5.0,,,,,,10.018296999999999,76.3009695,https://www.instagram.com/dsarchitects2/,,,,
,,,,,,,"Architect in Kochi, Kerala",THOMAS + ASSOCIATES - Architects in Cochin - Best Architect in Kochi,https://thomasdesignz.com/,9995541087,"M, 2nd Floor, Suite# 774, Valamkottil Towers, No. 6/858, PO, Judgemukku, Thrikkakara, Kakkanad, Kochi, Kerala 682021",,info@thomasdesignz.com,,8 reviews,5.0,,,,,,10.0357681,76.3342845,,,,,
,,,,,,,Architecture firm in Kerala,Fouzan Architects Kochi,http://www.fouzanarchitects.com/,,"NH Bypass, near Gold Souk Grandé Mall, Anjumuri, Chalikkavattom, Vyttila, Ernakulam, Kerala 682019",,,,26 reviews,5.0,,,,,,9.9788687,76.3170892,,,,,
,,,,,,,Architect in Kerala,Mudbricks Architects,http://www.mudbricks.in/,7012335176,"HB-131, Cross Road, 6, St A, Panampilly Nagar, Kochi, Kerala 682036",,enquiry@mudbricks.in,,6 reviews,5.0,,,,,,9.9624665,76.29323839999999,,,,,
,,,,,,,"Architect in Mulanthuruthy, Kerala",Architect Anakha Saju - COA Licenced,,,"near SNDP Temple, Pallithazham, Mulanthuruthy, Kerala 682314",,,,6 reviews,5.0,,,,,,9.89664,76.3837599,,,,,
,,,,,,,"Architect in Kodungallur, Kerala",Studio rooted architects,https://www.instagram.com/studio_rooted,9526684322,"SAFWA House no. 13, South, Arakulam Rd, near Guari Sankar hospital, Keetholi, Kodungallur, Kerala 680664",,,,16 reviews,5.0,,,,,,10.210641899999999,76.2001997,https://www.instagram.com/studio_rooted/,https://www.facebook.com/studiorootedarchitects/,,,
,,,,,,,Architect in Kerala,Architect's Eye,,9400032011,"V8V7+WFW, Service Rd, Kumbalam, Ernakulam, Kerala 682506",,,,10 reviews,5.0,,,,,,9.8948561,76.3137084,https://www.instagram.com/architectz_eye/,,,,
,,,,,,,Architecture firm in Kerala,JVM Architects,http://www.jvmarchitects.com/,,"ENRWA - 102, 1st Floor, Gurudevan Rd, Gandhi Nagar, Elamkulam, Ernakulam, Kerala 682017",,,,12 reviews,5.0,,,,,,9.978936599999999,76.2953917,,,,,
,,,,,,,Architecture firm in Kerala,Big Space Architects,,,"35/767, N Janatha Rd, Palarivattom, Kochi, Ernakulam, Kerala 682025",,,,9 reviews,5.0,,,,,,10.0045603,76.3013869,,,,,
,,,,,,,Architecture firm in Kerala,Binu Balakrishnan Architects,http://www.binubalakrishnanarchitects.com/,8589843311,"35/1384, 3rd Floor, KCF Tower Bharat Matha College Road, Kakkanad, Thrikkakara, PO, Kochi, Kerala 682021",,,,5 reviews,5.0,,,,,,10.0242723,76.3326333,https://www.instagram.com/binubalakrishnanarchitects/,,,,
,,,,,,,Architect in Kerala,Mosaic Architects & Interiors,,,"37/1371, North Block, Kumaranasan Nagar, Elamkulam, Ernakulam, Kerala 682020",,,,7 reviews,5.0,,,,,,9.978683199999999,76.2991893,,,,,
,,,,,,,Architect in Kerala,Architect Annie,http://www.architectannie.com/,9495131801,"G6, Logic Square, VIP Rd, near JLN Metro Station, Kaloor, Kochi, Ernakulam, Kerala 682017",,,,7 reviews,5.0,,,,,,9.998774899999999,76.2986737,https://www.instagram.com/architectannie/,https://www.facebook.com/ArchitectAnnie/,,,
,,,,,,,Architecture firm in Kerala,Prasanth and Associates Architects,http://www.prasanthandassociates.com/,9388896016,"G1, The Mansion Kharisma, Panampilly Nagar, Kochi, Ernakulam, Kerala 682036",,panda.kochi@gmail.com,,2 reviews,5.0,,,,,,9.953983599999999,76.29887339999999,,,,,
,,,,,,,Architecture firm in Kerala,STHAAPI ARCHITECTS,,,"8th Cross Rd, Giringar Housing Colony, Giri Nagar Housing Society, Giri Nagar, Kadavanthra, Ernakulam, Kerala 682020",,,,8 reviews,5.0,,,,,,9.9626732,76.2992111,,,,,
,,,,,,,Architectural designer in Kerala,Raspberry Design Architects Kerala,,,"2nd Floor, Poomkudy House, near Metropillar 453, Edappally, Kochi, Ernakulam, Kerala 682024",,,,8 reviews,5.0,,,,,,10.0177073,76.3030505,,,,,
,,,,,,,"Architecture firm in Kochi, Kerala",Joyous Homes -Architectural Designs & Construction,http://www.joyoushomes.in/,8590699044,"XXIX/ VIII IX II, Off Moolepadam Road, Vazhakala Kakkanad, Kochi, Kerala 682030",,myhome@joyoushomes.in,,56 reviews,5.0,,,,,,10.010143399999999,76.3278334,https://www.instagram.com/joyous_homes/,https://www.facebook.com/buildingjoyousspaces/,https://in.linkedin.com/company/joyous-homes,,
,,,,,,,"Architecture firm in Puzhathi, Kerala",Akhil_Albin_Architects,http://www.akhilalbinarchitects.com/,9400809077,"Pallikkunnu, Kannur, Puzhathi, Kerala 670004",,info@gravityarchstudio.com,,25 reviews,5.0,,,,,,11.8938837,75.3724884,https://www.instagram.com/akhil_albin_architects/,https://www.facebook.com/AkhilAlbinArchitects/,,,
,,,,,,,Architecture firm in Kerala,SPACE STUDIO ARCHITECTS,,,"Gandhinagar Rd, Gandhi Nagar, Kadavanthra, Ernakulam, Kerala 682020",,,,1 review,5.0,,,,,,9.977270899999999,76.2942023,,,,,
,,,,,,,Architecture firm in Kerala,Founders Stone Architects,,8086817120,"V Bees Complex, Market Rd, East Fort Gate, Thrippunithura, Kochi, Ernakulam, Kerala 682301",,,,7 reviews,5.0,,,,,,9.9457922,76.35018409999999,,,,,
,,,,,,,Architect in Kerala,Aspire Architect,http://www.aspirearchitect.com/,9074924499,"Paliyekkara, Thalavanikkara, Chittissery, Nenmanikkara, Kerala 680301",,aspirearct@gmail.com,,3 reviews,5.0,,,,,,10.4454082,76.2583136,,,,,
,,,,,,,Architecture firm in Kerala,RUAH Architects & Builders,,,"Ground Floor, Vendrappillil Building, Eroor South, Thrippunithura, Ernakulam, Kerala 682306",,,,7 reviews,5.0,,,,,,9.9604824,76.29717579999999,,,,,
,,,,,,,Architect in Kerala,Sanspace,http://san-space.com/,7509000600,"66/2032, Pullepady Cross Rd, North, North Kaloor, Arangath Pullepady, Kochi, Ernakulam, Kerala 682018",,info@domain.com,,3 reviews,5.0,,,,,,10.033696899999999,76.3131094,https://www.instagram.com/sanspacearchitects/,https://www.facebook.com/sanspacearchitects/,,,
,,,,,,,Architecture firm in Kerala,SOOUL Architects,https://sooularchitects.in/,8891409694,"Op. Moonstone Apartments, 44/1712, Mahakavi Vailoppilli Rd, Palarivattom, Kochi, Ernakulam, Kerala 682025",,office@sooularchitects.in,,2 reviews,5.0,,,,,,9.9638815,76.34113339999999,,https://www.facebook.com/SOOULarchitects/,https://in.linkedin.com/company/the-soul-architects,,
,,,,,,,Architect in Kerala,Plural Architecture & Design,,,"W8WM+3CW, Poonithura, Maradu, Ernakulam, Kerala 682038",,,,3 reviews,5.0,,,,,,9.9842427,76.2855307,,,,,
,,,,,,,Architect in Kerala,"Rachel & Rebecca, Creators and Architects",http://www.rachelandrebecca.com/,8921658436,"Plot No. 30, Nethaji Nagar Road Jawahar Nagar Elamkulam, Kadavanthra, Kochi, Kerala 682020",,,,1 review,5.0,,,,,,9.9451121,76.33422929999999,,,,,
,,,,,,,"Architecture firm in Kochi, Kerala",PSB Architects,,,"PRRA-1, Eloor Rd, Manjummel, Eloor, Kochi, Kerala 682024",,,,6 reviews,5.0,,,,,,10.014833099999999,76.2902881,,https://www.facebook.com/www.psba.in/,,,
,,,,,,,Architect in Kerala,Zen Architects,,,"Second floor, Alunkal Square, Thammanam - Pullepady Rd, Kathrikadavu, Thammanam, Kochi, Ernakulam, Kerala 682032",,,,1 review,5.0,,,,,,10.0465754,76.30260500000001,,,,,
,,,,,,,Architecture firm in Kerala,"Yellowtown Studio - Architecture, Interior Design and Landscaping",http://www.yellowtown.co.in/,8075764658,"Yellowtown Studio, near Sastha Temple, Palachuvadu, Kakkanad, Kochi, Kerala 682030",,,,8 reviews,5.0,,,,,,9.970998,76.3167662,,,,,
,,,,,,,Architect in Kerala,Bijulal babu architects,http://facebook.com/bijulalarchitecture,,"YMJRA-142A, Kaloor, Kochi, Ernakulam, Kerala 682017",,,,2 reviews,5.0,,,,,,9.984562,76.3057032,,,,,
,,,,,,,Architect in Kerala,3 AB Architects and Interior Designers,https://3ab-ab.com/,,"52/3097, Janatha Rd, Vyttila, Kochi, Ernakulam, Kerala 682019",,,,6 reviews,5.0,,,,,,10.0000059,76.33288019999999,,,,,
,,,,,,,Architecture firm in Kerala,HomeMAKE Architects,,,"28/114 Visakhom, Parappilly Lane, Panampilly Nagar, Kochi, Ernakulam, Kerala 682036",,,,4 reviews,5.0,,,,,,10.003111400000002,76.30062579999999,,,,,
,,,,,,,Real estate builders & construction company in Kerala,GreenToday Architects and Engineers,https://greentodayarchitects.com/,9074572030,"4B Arcade, Infopark Road, Kakkanad, Post, Kusumagiri, Kochi, Kerala 682030",,greentodayarchitects@gmail.com,,4 reviews,5.0,,,,,,10.0152737,76.3557707,,,,,
,,,,,,,"Architect in Kochi, Kerala",sacred saga art•architecture•saga,http://www.sacred-saga.com/,,"3829+G67, South Kalamassery, Kalamassery, Ernakulam, Kochi, Kerala 682039",,,,1 review,5.0,,,,,,10.0511451,76.3179613,,,,,
,,,,,,,Architecture firm in Kerala,Paperhouse Architects,,,"X8VR+X64, Thuthiyoor, Kakkanad, Kerala 682037",,,,2 reviews,5.0,,,,,,9.9948181,76.34053589999999,,,,,
,,,,,,,"Real estate builders & construction company in Pattimattom, Kerala",GreenToday Architects and Engineers Construction Company and Interior Designs in Kochi Kerala,https://greentodayarchitects.com/,9074572030,"Breeze, PO, Pattimattom, Kerala 683562",,,,1 review,5.0,,,,,,10.0272356,76.44796099999999,,,,,
,,,,,,,Architect in Kerala,two chair architects,,,"42/256, 42/256, Vennala High School Rd, Chembumukku, Vennala, Kochi, Ernakulam, Kerala 682028",,,,3 reviews,5.0,,,,,,10.0045074,76.321552,,,,,
,,,,,,,Architect in Kerala,T + ATELIER ARCHITECTS,http://t-plus-atelier.com/,7994335493,"MARTIN EVA, Holy Tuesday Shopping Mall, Kaloor, Kochi, Ernakulam, Kerala 682017",,tplusatelier@gmail.com,,2 reviews,5.0,,,,,,9.9974952,76.29490419999999,,,,,
,,,,,,,Architect in Kerala,BIGINS LIFESTYLE PRIVATE LIMITED,,,"Salem - Kochi Hwy, Nettoor, Maradu, Kochi, Ernakulam, Kerala 682304",,,,4 reviews,5.0,,,,,,9.937853299999999,76.31779569999999,,,,,
,,,,,,,"Architect in Kothamangalam, Kerala",S K Architects,http://skarchs.com/,,"686691, Bypass Rd, Thankalam, Kothamangalam, Kerala 686666",,skarchs.klm@gmail.com,,4 reviews,5.0,,,,,,10.0632925,76.61409809999999,,,,,
,,,,,,,Architect in Kerala,Sage Group Architects,http://www.sagearcindia.com/,9846236180,"2884+JMW, BTR Road, Edappally, Ernakulam, Kerala 682024",,,,3 reviews,5.0,,,,,,10.0166263,76.3067451,,,,,
,,,,,,,Architectural designer in Kerala,INCHSCALE,,,"Mulloor, near Townhall Metro Station, Ernakulam, Kerala 682018",,,,4 reviews,5.0,,,,,,9.9909036,76.28828949999999,https://www.instagram.com/inchscale/,,,,
,,,,,,,"Architect in Kochi, Kerala",ARCHITECTS,,,"29VF+9VP, Kolottimoola, Kochi, Kerala 682021",,,,2 reviews,5.0,,,,,,10.043463899999999,76.3747016,,,,,
,,,,,,,"Architect in Edanad, Kerala",ALEX Architects,https://www.facebook.com/alexarchitects.in,,"Prasannapuram Chowara P.O, Airport Road, Aluva, Kerala 683571",,,,3 reviews,5.0,,,,,,10.1363582,76.39157449999999,,,,,
,,,,,,,"Architect in Uzhavoor, Kerala",K K Associates Architecture Designers and builders in Kottayam Ernakulam Kerala,,9447370542,"KK Associates Areekara, Uzhavoor, Kerala 686634",,,,1 review,5.0,,,,,,9.7922967,76.6106721,,,,,
,,,,,,,Architect in Kerala,Neema Jose Architect & Interiors,,9895393936,"V Krishna Menon Rd, Kaloor, Ernakulam, Kerala 682017",,,,36 reviews,5.0,,,,,,9.996427899999999,76.2928632,,,,,
,,,,,,,"Architect in Manakunnam, Kerala",Architect Amjo Antony,,,"V /434 Near Infant Jesus Church Kandanad P.o Thiruvamkulam, via, Kochi, Kerala 682305",,,,5 reviews,5.0,,,,,,9.914319599999999,76.3718296,,,,,
,,,,,,,"Home builder in Kochi, Kerala",Qoobon India Private Limited,http://www.qoobon.com/,7034322220,"Qoobon tower, near cusat metro station, Kalamassery, Kochi, Kerala 682033",,mail@qoobon.com,,4 reviews,5.0,,,,,,10.0468085,76.3175232,,,,,
,,,,,,,Architecture firm in Kerala,"JP Ventures | Best Architects, Contractor and Interior Designers in Kochi",http://jpventures.in/,9633125333,"JP Ventures Level 2, Valiyakulangara Building, Hill Palace Rd, Thrippunithura, Ernakulam, Kerala 682301",,mail@jpventures.in,,180 reviews,4.9,,,,,,9.9465782,76.3523208,,https://www.facebook.com/jpventure/,https://in.linkedin.com/company/jpventureskochi,,
,,,,,,,Building designer,Judson Associates - Top Interior Designers & Building Designers in Kerala,https://judsonassociates.net/,8606159555,"14/390 H1,6th Floor, KNA Plaza Junction, Kundannoor, Maradu, Ernakulam, Kerala 682304",,,,(159),4.9,,,,,,9.937038099999999,76.31840749999999,https://www.instagram.com/judsonassociates/,https://www.facebook.com/Judsonassociatespvtltd/,https://in.linkedin.com/in/p-r-judson-39566a132,,
,,,,,,,"Architect in Aluva, Kerala",City Futures Design Collaborative,http://cityfutures.in/?utm_source=gmb&utm_medium=referral,9446874872,"Periyar Lane, Periyar Nagar, Thottakkattukara, Aluva, Kerala 683101",,,,50 reviews,4.9,,,,,,10.1150009,76.3430132,https://www.instagram.com/city.futures/,https://www.facebook.com/CityfuturesDesignCollaborative/,https://in.linkedin.com/company/city-futures-design-collaborative,,
,,,,,,,"Architect in Aluva, Kerala",Formscape Architects & Interior designs,,9567455489,"Kadungalloor Road, Thottakkattukara, Aluva, Kerala 683108",,,,36 reviews,4.9,,,,,,10.1142819,76.3358934,,,,,
,,,,,,,Interior designer in Kerala,Fogalom Designs - Interior Designer and Architect,http://www.fogalomdesigns.com/,9605422333,"39/6246, Alapattu, Alappat Cross Rd, Ravipuram, Ernakulam, Kerala 682016",,fogalom.cok@gmail.com,,64 reviews,4.9,,,,,,9.968972299999999,76.311217,https://www.instagram.com/fogalom_designs/,https://www.facebook.com/Fogalomdesigns/,https://in.linkedin.com/in/fogalom-designs-7042a913a,,
,,,,,,,Architect in Kerala,Paul & Shini Architects,http://www.paulandshiniarchitects.com/,9633961117,"G452, SBI Avenue Road, Panampilly Nagar, Kochi, Ernakulam, Kerala 682036",,info@paulandshiniarchitects.com,,38 reviews,4.9,,,,,,10.009573999999999,76.3033856,,https://www.facebook.com/paulandshini/,,,
,,,,,,,"Architecture firm in Chendamangalam, Kerala",AMAZE Architects,,9745722950,"Kizhakkumpuram Chendamangalam P. O, North Paravur, Kerala 683513",,,,36 reviews,4.9,,,,,,9.972537599999999,76.3231137,https://www.instagram.com/amazearchitects/,https://www.facebook.com/AmazeArchitects/,,,
,,,,,,,Architecture firm in Kerala,"Siju KB , Architect & Interior Consultant",https://www.facebook.com/Designweaves-536496779708145/,9447665339,"Ayyankali Rd, Poonithura, Maradu, Ernakulam, Kerala 682038",,,,12 reviews,4.9,,,,,,9.9559383,76.2984489,,,,,
,,,,,,,Architecture firm in Kerala,YH International - Experts in Architectural & Interior project management.,,,"2nd floor, Khadeeja Complex, Metro pillar no-188, Oppo, above annapoorna hotel, Kochi, Kerala 683106",,,,99 reviews,4.9,,,,,,10.0132627,76.30856059999999,,,,,
,,,,,,,Architectural designer in Kerala,Mind Create Architectural Designers,http://mindcreate.in/index.php/Mindcreate/projects,9995163596,"2 nd Floor,70/400-A5,Kochurani building, 17, LFC Rd, near Pavakulam Temple, Kaloor, Kochi, Kerala 682017",,,,100 reviews,4.9,,,,,,10.071282400000001,76.3321296,,,,,
,,,,,,,Architecture firm in Kerala,Ajith Sunny Architects,http://www.ajithsunnyarchitects.com/,9895320044,"PRRA-88 A, First Floor Mavelil Lane, Ponoth Rd, Kaloor, Kochi, Kerala 682017",,ajith@ajithsunnyarchitects.com,,21 reviews,4.9,,,,,,9.9972669,76.2911709,https://www.instagram.com/ajithsunnyarchitects/,,https://in.linkedin.com/company/ajith-sunny-architects,,
,,,,,,,"Architecture firm in Muvattupuzha, Kerala",Thaksha Architects,,4856499104,"XHMF+JMG, Kavitha Road, Thottumkalpeedika, Muvattupuzha, Kerala 686661",,,,42 reviews,4.9,,,,,,10.0002439,76.31679489999999,https://www.instagram.com/thakshaarchitects/,https://www.facebook.com/ThakshaArchitects/,,,
,,,,,,,Architectural designer in Kerala,Archroots Design Studio,,9744954943,"Kalluveettil House, near Lisie Hospital road, North Kaloor, Kacheripady, Ernakulam, Kerala 682018",,,,17 reviews,4.9,,,,,,9.9840515,76.5741157,,https://www.facebook.com/UniqueArchkochi/,,,
,,,,,,,"Architecture firm in Thodupuzha, Kerala",Design Collab,http://www.designcollab.in/,6235118800,"1st Floor, Vezhappilly Tower, Kanjiramattom Byp, Thodupuzha, Kerala 685584",,contact@designcollab.in,,89 reviews,4.9,,,,,,10.5372167,76.2123239,https://www.instagram.com/designcollab.in/,https://www.facebook.com/designcollab.in/,,,
,,,,,,,"Architect in Aluva, Kerala","WeArch Developers,",https://wearch-developers.com/,9539999885,"38HQ+G4X, Choornikkara, Kochi, Aluva, Kerala 683501",,info@wearch-developers.com,,119 reviews,4.9,,,,,,10.0788625,76.3378594,https://www.instagram.com/wearch_developers/,https://www.facebook.com/wearchdevelopers/,,,
,,,,,,,Architect in Kerala,Insite Concepts by Ar Jose Mathew,https://insiteconcepts.com/,9747211835,"19-20, Abad Rainbow Retreat Villas Thrikkathara Mahadeva, Pottayil Temple Rd, Irumpanam, Thrippunithura, Kochi, Kerala 682309",,mail@insiteconcepts.com,,22 reviews,4.9,,,,,,10.0131252,76.3572738,https://www.instagram.com/insiteconcepts/,https://www.facebook.com/insite.concepts/,,,
,,,,,,,Architect in Kerala,Heritage - The Design People- Architects & Interior Designers,https://www.instagram.com/heritage_thedesignpeople,8714829835,"3rd floor, L Trust bldg, H.A, Karimpatta Cross Rd, Pallimukku, Kochi, Ernakulam, Kerala 682016",,,,17 reviews,4.9,,,,,,9.9894821,76.3163604,,,,,
,,,,,,,Architecture firm in Kerala,Space Intimate Architectural Studio,,,"Nettayikodath Building, 33/2876 B4, NH Bye pass, Chakkaraparambu, Thammanam, Kochi, Ernakulam, Kerala 682032",,,,7 reviews,4.9,,,,,,,,,,,,
,,,,,,,Architect in Kerala,ALLPLANS architecture + design,https://www.allplans-ad.com/,9496834520,"Rajaji Rd, XLI/497, Shenoys, Kochi, Ernakulam, Kerala 682035",,allplanscochin@yahoo.com,,15 reviews,4.9,,,,,,9.9788797,76.28570069999999,,,,,
,,,,,,,Architecture firm in Kerala,GROUP OF DESIGNERS,,,"Vyttila, Kochi, Ernakulam, Kerala 682019",,,,9 reviews,4.9,,,,,,9.9703713,76.3206559,,https://www.facebook.com/GroupOfDesigners/,,,
,,,,,,,Training centre in Kerala,Architecture & Interior Designing Academy(AIDA),http://www.aidaindia.in/,9207492233,"2nd floor, Palette building, near Vytilla hub, Vyttila, Kochi, Ernakulam, Kerala 682019",,,,54 reviews,4.9,,,,,,9.969701299999999,76.32001,,https://www.facebook.com/aidaindia2016/,,,
,,,,,,,Architectural designer in Kerala,MasterPlan,https://keralahomestyle.in/,9447482396,"VP Marakar Rd, Edappally Toll, Koonamthai, Edappally, Kochi, Ernakulam, Kerala 682024",,masterplanekm@gmail.com,,9 reviews,4.9,,,,,,10.030275,76.3099663,,,,,
,,,,,,,Architect in Kerala,IN MY PLACE CONCEPTS PRIVATE LIMITED,http://inmyplace.in/,,"Kochi - Madurai - Dhanushkodi Rd, Poonithura, Maradu, Kochi, Ernakulam, Kerala 682038",,,,7 reviews,4.9,,,,,,9.9453737,76.3341289,https://www.instagram.com/in_my_place_concepts/,https://www.facebook.com/inmyplaceconcepts/,,,
,,,,,,,Architect in Kerala,"Montimers Architect and Interior Designers In Kochi, Kerala",http://montimers.in/,,"Building, 3rd Floor Mirador, Muttathil Ln, Kadavanthra, Ernakulam, Kerala 682020",,,,57 reviews,4.9,,,,,,9.9702485,76.3006674,,,,,
,,,,,,,Interior designer in Kerala,Shardes Interiors,http://www.shardes.in/,8593024446,"The Mercy Tower Building, 1st Floor, Kizhavana Rd, Panampilly Nagar, Kochi, Kerala 682036",,Info@shardes.in,,48 reviews,4.9,,,,,,9.955870299999999,76.2961734,https://www.instagram.com/shardesinteriors/,https://www.facebook.com/ShardesInteriors/,https://in.linkedin.com/company/shardesinteriors,,
,,,,,,,Architect in Kerala,Arun Thomas Architects,http://www.arunthomasarchitects.com/,9895708164,"Third Floor, G - Square, Mahakavi Vailoppilli Rd, Palarivattom, Kochi, Ernakulam, Kerala 682025",,,,64 reviews,4.8,,,,,,9.9987178,76.30766969999999,,,,,
,,,,,,,Architecture firm in Kerala,Classik Architects,https://www.classikarchitects.com/,4812562277,"Medical Centre Rd, Chakkalakkal, Vennala, Ernakulam, Kerala 682028",,,,61 reviews,4.8,,,,,,9.9997593,76.3182301,,,,,
,,,,,,,Architect in Kerala,Srishti Architects and Green Building Consultants,https://www.facebook.com/Srishti-Architects-GBC-103988851506085/,9746946970,"3rd floor, Vijayan residence, 1318 - H , 3rd Floor Nellekattu building , N, BHS Rd, above Chaitanya eye hospital, Thrippunithura, Ernakulam, Kerala 682301",,,,35 reviews,4.8,,,,,,9.9425745,76.3481142,,,,,
,,,,,,,Architect in Kerala,Martin Thomas Architects,https://www.mtafirm.com/,4844039380,"kanakkanatt, Valavi Rd, Kacheripady, Kochi, Kerala 682018",,mtafirm@gmail.com,,56 reviews,4.8,,,,,,9.9893714,76.281314,https://www.instagram.com/mta_firm/,https://www.facebook.com/martinthomasassociates/,,,
,,,,,,,Architect in Kerala,McTerra Architects and Designers,https://m.facebook.com/mcterraarchitectsanddesigners/,7356995456,"Ground Floor, Plot no : 32, Mavelipuram East, Kakkanad, Kochi, Kerala 682030",,,,57 reviews,4.8,,,,,,9.9685554,76.30004749999999,https://www.instagram.com/mcterraarchitects/,https://www.facebook.com/mcterraarchitectsanddesigners/,,,
,,,,,,,Architecture firm in Kerala,"Associate Designers - Best Architects and Interior Designers in Kochi, Kerala",,6262939393,"II Floor, Flair Business Floors Seaport Airport Road, Kakkanad, Kochi, Kerala 682030",,,,24 reviews,4.8,,,,,,10.1740857,76.2328145,,https://www.facebook.com/TheAssociateDesigners/,,,
,,,,,,,"Architecture firm in Kochi, Kerala",Raamz Interiors & Architecture,http://www.raamz.in/,9349698939,"Dreams, 46/1392, 1B, Sabashaa, Chakkarapparambu Rd, Vennala, Kochi, Kerala 682028",,,,58 reviews,4.8,,,,,,9.9421748,76.33520279999999,https://www.instagram.com/raamz.interiors.architecture/,https://www.facebook.com/raamz.interiors.architecture/,https://in.linkedin.com/company/raamz-interiors-architecture,,
,,,,,,,Architecture firm in Kerala,Make.Inc,http://makeinc.in/,4842808940,"2nd Floor, #41/2371-B4, Medical Centre Road, NH 17, By-Pass, Palarivattom, Kochi, Kerala 682028",,,,50 reviews,4.8,,,,,,9.9955845,76.2973209,https://www.instagram.com/makeinc.in/,,https://in.linkedin.com/in/geenu-jemma-gince-260022139,,
,,,,,,,Architect in Kerala,Lalichan Zacharias Atelier,,9846060300,"Jayanagar Road, off NH- By - Pass, Kannadikadu, Maradu, Kochi, Ernakulam, Kerala 682304",,,,49 reviews,4.8,,,,,,9.9724956,76.30149089999999,,https://www.facebook.com/lalichan.zacharias.1/,,,
,,,,,,,"Architect in Chelari, Kerala",Building Designers,http://www.buildingdesigners.in/,9895018990,"AM Tower opposite IOC ,chelari, malappuram, Kerala 673636",,info@buildingdesigners.in,,693 reviews,4.8,,,,,,11.110146,75.890535,https://www.instagram.com/engineer_kvmuraleedharan/,https://www.facebook.com/buildingdesigners1985/,,,
,,,,,,,"Architect in Thiruvananthapuram, Kerala",Srijit Srinivas Architects,http://www.srijitsrinivas.com/,,"1, Belhaven Road, Kanaka Nagar, Kowdiar, Thiruvananthapuram, Kerala 695003",,info@srijitsrinivas.com,,32 reviews,4.8,,,,,,8.5166009,76.960359,https://www.instagram.com/srijitsrinivasarchitects/,https://www.facebook.com/srijitsrinivasarchitects/,,,
,,,,,,,"Interior designer in Kochi, Kerala",G-ARCH Associate Building Designers & Contractors,,9400368201,"46/2373/c1, Chakkaraparambu Road, Kottankavu, Junction,Vennala P.O, Kerala 682028",,,,37 reviews,4.8,,,,,,9.9918883,76.321653,,,,,
,,,,,,,Architect in Kerala,SONY JOSEPH Architects,,9447214682,"BRRA 46, 5th Avenue, Bank Rd, Kaloor, Ernakulam, Kerala 682017",,,,13 reviews,4.8,,,,,,9.995370699999999,76.29637389999999,,,,,
,,,,,,,Architecture firm in Kerala,Cochin Creative Collective,http://www.cochincreativecollective.com/,9567117452,"MIG 406, 9th, Cross Rd 3, MIG Housing Society, Panampilly Nagar, Ernakulam, Kerala 682036",,cochincreativecollective@gmail.com,,24 reviews,4.8,,,,,,9.961192299999999,76.29720139999999,https://www.instagram.com/cochincreativecollective/,https://www.facebook.com/cochincreativecollective/,https://in.linkedin.com/company/cochin-creative-collective,,
,,,,,,,Architecture firm in Kerala,Yukthi Architecture | Interiors,http://yukthiarchitects.com/,,"Ivy Villa, B 67, N Girinagar Rd, MIG and HIG Colony, Gandhi Nagar, Kadavanthra, Ernakulam, Kerala 682020",,,,13 reviews,4.8,,,,,,9.973360099999999,76.29469770000001,,,,,
,,,,,,,Architect in Kerala,Shiraz Architects,,,"Mina Complex, Manappatti Parambu Rd, Ernakulam North, Kaloor, Kochi, Kerala 682017",,,,25 reviews,4.8,,,,,,9.995307799999999,76.2879794,,,,,
,,,,,,,Architect in Kerala,S Squared Architects Pvt.Ltd.,http://ssquaredarchitects.com/,9447047467,"126, N Janatha Rd, Palarivattom, Kochi, Ernakulam, Kerala 682025",,info@ssquaredarchitects.com,,9 reviews,4.8,,,,,,9.982531,76.350203,,,,,
,,,,,,,Building consultant in Kerala,DEFZEN PROJECTS PVT LTD - Architects and Interior designers in Kochi,https://www.defzen.in/,9995713777,"NKM Arcade, Thaikavu Junction, Arakkakadavu, Vennala, Kochi, Kakkanad, Kerala 682028",,,,34 reviews,4.8,,,,,,9.970068,76.30533400000002,https://www.instagram.com/defzenprojects/,,https://in.linkedin.com/company/defzen-projects-pvt-ltd,,
,,,,,,,Architectural designer in Kerala,Monsoon Projects,,7902718860,"3rd street, MIG 401, 11th Cross Rd, MIG Housing Society, Panampilly Nagar, Kochi, Ernakulam, Kerala 682036",,,,19 reviews,4.8,,,,,,10.4454082,76.2583136,https://www.instagram.com/monsoon_projects/,https://www.facebook.com/studiomonkey369/,https://www.linkedin.com/company/monsoon-projects,,
,,,,,,,Architect in Kerala,Nice Fab,http://nicefab.net/index.php/portfolio-category/interior-design/,9605668688,"29/619B,1 st Floor, Raj Nivas, behind Union Bank, Vyttila, Kochi, Kerala 682019",,,,6 reviews,4.8,,,,,,9.9645499,76.29547199999999,,,,,
,,,,,,,"Architecture firm in Kochi, Kerala",coffeewitharchitect,https://www.instagram.com/p/Cy4AG_1SEi3/,9495572753,"perumpilly Vypin - munumbam, road, Kochi, Kerala 682505",,,,6 reviews,4.8,,,,,,10.0369954,76.22019259999999,,,,,
,,,,,,,Architecture firm in Kerala,Alankriti Design,,,"33/2008A, SaRWA 71, EMC Rd, Vennala, Kochi, Ernakulam, Kerala 682028",,,,4 reviews,4.8,,,,,,10.0003631,76.3160899,,,,,
,,,,,,,Interior designer in Kerala,Arena Interiors Pvt Ltd,,9048347347,"Arena Interiors, 41/2139, 2nd Floor, Riddhi Tower NH Bypass ,Near palarivattom over bridge, Vennala, Kochi, Kerala 682028",,,,206 reviews,4.7,,,,,,10.001195000000001,76.313904,,,https://www.linkedin.com/company/arena-interiors,,
,,,,,,,Architecture firm in Kerala,Creo Homes,http://www.creohomes.in/,9645899951,"Kizhavana Rd, Panampilly Nagar, Kochi, Ernakulam, Kerala 682036",,info@creohomes.in,,237 reviews,4.7,,,,,,9.9560259,76.2957508,https://www.instagram.com/creoarchitects/,,https://in.linkedin.com/company/creo-homes-pvt-ltd,,
,,,,,,,Architect in Kerala,Silpi Architects,https://www.silpiarchitects.com/,4842663448,"26, 2409b, Thevara Ferry Road, Thevara, Ernakulam, Kerala 682013",,mail@silpiarchitects.com,,182 reviews,4.7,,,,,,9.9264124,76.3039877,,https://www.facebook.com/Silpi.ar/,https://in.linkedin.com/company/silpi-architects,,
,,,,,,,Architecture firm in Kerala,Archimatrix,https://www.thearchimatrix.com/,,"1/415, Sahodaran Ayyappan Rd, Vyttila, Kochi, Ernakulam, Kerala 682019",,605a7baede844d278b89dc95ae0a9123@sentry-next.wixpress.com,,62 reviews,4.7,,,,,,9.9773152,76.33422589999999,,,https://in.linkedin.com/company/archimatrix-india-design-consultants-private-limited,,
,,,,,,,Architect,S2 Architects Thrissur Kerala,https://www.s2architects.in/,9349930609,"Mahalakshmi, Kodungallur - Shornur Rd, near CMI Church, Patturaikkal, Thrissur, Kerala 680022",,,,73 reviews,4.7,,,,,,9.977588299999999,76.29625570000002,,,,,
,,,,,,,Architecture firm in Kerala,Vault & Walls,http://vaultandwalls.com/,9388112239,"2nd floor, Alanickal House, Lane, 6, Ambelipadam Road, Janatha, Vyttila, Kochi, Kerala 682019",,projects@vaultandwalls.com,,30 reviews,4.7,,,,,,9.8964235,76.71670809999999,https://www.instagram.com/vault_and_walls/,https://www.facebook.com/vaultandwalls/,,,
,,,,,,,Architect in Kerala,Living Stone Architects & Designers,https://livingstonearchitects.com/,4844012897,"90A, Giri Nagar Canal Rd, Giringar Housing Colony, Giri Nagar Housing Society, Giri Nagar, Kadavanthra, Kochi, Ernakulam, Kerala 682020",,livingstonearchitects@gmail.com,,26 reviews,4.7,,,,,,9.9700948,76.310181,,https://www.facebook.com/livingstonearchitectskochi/,https://in.linkedin.com/company/livingstone-architects-designers,,
,,,,,,,Architect in Kerala,Aavishkar architects,https://aavishkararchitects.com/,8129043076,"Giri Nagar, Kadavanthra, Kochi, Ernakulam, Kerala 682020",,aavishkar.arch@gmail.com,,26 reviews,4.7,,,,,,9.9987444,76.2909952,https://www.instagram.com/aavishkar_architects/,https://www.facebook.com/AavishkarArchitects/,https://in.linkedin.com/company/aavishkar-architects,,
,,,,,,,"Architectural designer in Kottayam, Kerala","Suvarnarekha Design Consultants - Best interior designers & Architects in Kottayam , Kerala",https://www.suvarnarekhadesign.com/,4812571538,"Trio-Chambers, Kanjikuzhi, Kottayam, Kerala 686004",,,,63 reviews,4.7,,,,,,9.5875382,76.5414266,,https://www.facebook.com/suvarnarekhadesign/,,,
,,,,,,,Architecture firm in Kerala,Studio Vista Architects,http://www.studiovistaar.com/,9747549298,"1st, Sabari Giri, near Sylcon Supermarket, Jawahar Lane, near N.S.S. Karayogam, Kadavanthra, Kochi, Kerala 682020",,info@studiovistaar.com,,23 reviews,4.7,,,,,,9.9583748,76.3017685,https://www.instagram.com/studiovista.ar/,https://www.facebook.com/studiovista.ar/,https://in.linkedin.com/company/studio-vista-architects,,
,,,,,,,Architect in Kerala,Monsoon Collective,http://www.monsooncollective.com/,4844857622,"First Floor, Malhar KPNRA, 53A, VP Marakar Rd, K.P.Nagar, Koonamthai, Edappally, Ernakulam, Kerala 682024",,connect@monsooncollective.com,,83 reviews,4.7,,,,,,10.035734099999999,76.30866859999999,,https://www.facebook.com/monsooncollectivedesign/,,,
,,,,,,,Architectural designer in Kerala,Illusions Architects & Interiors,http://illusionsmanoj.com/,,"#67, 5th Cross Road, Giringar Housing Colony, Giri Nagar Housing Society, Giri Nagar, Kadavanthra, Ernakulam, Kerala 682020",,manoj.illusions@yahoo.in,,18 reviews,4.7,,,,,,9.9644801,76.2987912,,,,,
,,,,,,,Architect in Kerala,Aescon Builders and Architects,,9656265000,"Mamangalam, Elamakkara, Ernakulam, Kerala 682024",,,,21 reviews,4.7,,,,,,10.0172668,76.30411939999999,,,,,
,,,,,,,Architect in Kerala,Idea Design,http://www.ideadesign.org/,9645226526,"30/1596-D, Narayanan Assan Road, Ponnurunni, Vyttila, Ernakulam, Kerala 682019",,,,27 reviews,4.7,,,,,,9.9759858,76.31821719999999,,,,,
,,,,,,,,NOAHS AR'CH' Architects & Interior Designers,http://fb.me/noahsarchitects,9447154264,,,,,7 reviews,4.7,,,,,,9.997258,76.3146838,,,,,
,,,,,,,"Architecture firm in Palakkad, Kerala",Monnaie Architects & Interiors in Palakkad,https://www.monnaie.in/,9625080808,"FIRST FLOOR, DEEPAM FOUNDATION, Manapullikavu, Palakkad, Kerala 678013",,enquiry@monnaie.in,,205 reviews,4.7,,,,,,9.993433399999999,76.3209072,,,https://in.linkedin.com/company/monnaie-architects-and-interiors,,
,,,,,,,"Architect in Kochi, Kerala",Anudeep And Associates Architects,,4842235997,"Door No.20, 62 A, Nambiapuram Rd, Palluruthy, Kochi, Kerala 682006",,,,6 reviews,4.7,,,,,,9.9166879,76.2744768,,,,,
,,,,,,,Home builder in Kerala,Estilo architect and interiors,,7034459505,"Polakulam Rd, Thrippunithura, Ernakulam, Kerala 682301",,,,34 reviews,4.7,,,,,,9.9468673,76.3466851,,https://www.facebook.com/EstiloArchitectsandinteriors/,,,
,,,,,,,Interior designer in Kerala,Anthill,https://anthillworld.com/,7511103322,"Kallungal Complex, Road, Edayapuram, Aluva, Kerala 683101",,,,76 reviews,4.7,,,,,,10.1086242,76.37172149999999,,https://www.facebook.com/anthillworld/,,,
,,,,,,,Architect in Kerala,"Building Designs , Kochi",,4842203428,"Sreepurna' 2nd Floor, Temple Road, Elamkulam, Kochi, Kerala 682020",,,,25 reviews,4.7,,,,,,9.9707061,76.29966189999999,,,,,
,,,,,,,Architect in Kerala,Habitat Technology Group,http://www.habitattechnologygroup.org/,4842366968,"Warriam Rd, opposite Chinmaya Vidyalaya Vidyalaya, Pallimukku, Ernakulam, Kerala 682016",,habitat.technology@gmail.com,,95 reviews,4.7,,,,,,9.9663658,76.2852985,,,,,
,,,,,,,Architect in Kerala,Rohini Prasad & Associates,,,"JKS 289, Perumbotta Rd, Vayanashalla, Elamakkara, Ernakulam, Kerala 682026",,,,29 reviews,4.7,,,,,,9.998529800000002,76.3075118,,https://www.facebook.com/rohiniprasadassociates/,,,
,,,,,,,Architect in Kerala,DZignHouse Architects,http://www.dzignhousearchitects.com/,8089721912,"1st Floor, Infra Futura, Seaport - Airport Rd, Thrikkakara, Kakkanad, Kochi, Kakkanad, Kerala 682021",,info@dzignhousearchitects.com,,7 reviews,4.7,,,,,,9.9666816,76.3180414,,https://www.facebook.com/DZignHouseArchitects/,,,
,,,,,,,"Architect in Muvattupuzha, Kerala",Skyarc Architects & Developers,,,"Palathinkal Building, Municipal Stadium Road, Muvattupuzha, Kerala 686673",,,,24 reviews,4.7,,,,,,9.9929563,76.58299269999999,,,,,
,,,,,,,Civil engineering company in Kerala,ALTERNATIVE BUILDING CONCEPTS- ARCHITECTS/BUILDERS/CONTRACTORS,,9037206968,"Elayadath, Kaloor Kadavanthara Road 38/2425, near Flowers Dance Academy, Kaloor, PO, Kerala 682017",,,,42 reviews,4.7,,,,,,9.976137399999999,76.297176,,,,,
,,,,,,,Architect in Kerala,"Design Concert - Architects in Kochi, Landscape Designers Kochi, Interior Designer in kochi, Kerala",,9847402269,"City Garden Centre Kunnumpuram - Civil Station Road Kunnumpuram, Kakkanad, Kochi Ph: 9847402269, Kochi, Kerala 682030",,,,9 reviews,4.7,,,,,,10.0164052,76.33797299999999,,,,,
,,,,,,,Architect in Kerala,Jibu & Thomas Architects,http://www.jibuandthomas.com/,4844064260,"G-173, 5th Cross Road, KV Nagar, Panampilly Nagar, Kochi, Ernakulam, Kerala 682036",,info@jibuandthomas.com,,165 reviews,4.6,,,,,,9.9624206,76.29681990000002,https://www.instagram.com/jibu.and.thomas.architects/,,https://in.linkedin.com/company/jibu-and-thomas-architects,,
,,,,,,,Architect in Kerala,Roy Antony Architects,https://www.royantonyarchitects.com/,4842352030,"40/1404, TD Rd, Marine Drive, Kochi, Ernakulam, Kerala 682011",,admin@royantonyarchitects.com,,53 reviews,4.6,,,,,,9.9749442,76.2817948,https://www.instagram.com/royantonyarchitects/,,,,
,,,,,,,Architect in Kerala,Mathew and Saira Architects,http://www.mathewandsaira.com/,4842373934,"39 4186A, off Mahatma Gandhi Road, Ravipuram, Perumanoor, Kochi, Ernakulam, Kerala 682016",,,,76 reviews,4.6,,,,,,9.9599089,76.2881475,,,https://in.linkedin.com/in/mathew-joseph-puthusseril-a07a4276,,
,,,,,,,"Architect in Thrissur, Kerala",Atulya Architects & Associates,https://atulyaarchitects.net/,4872440002,"Cemetery Rd, Sakthan Thampuran Nagar, Anchery, Thrissur, Kerala 680001",,atulyaarc@gmail.com,,35 reviews,4.6,,,,,,10.5148873,76.2215421,,https://www.facebook.com/atulyaarchitects8/,,,
,,,,,,,Architecture firm in Kerala,Stirvi Architects,http://www.stirviarchitects.com/,9846420000,"48 / 1865, Grameena Vayanashala Road, Post, Ponnurunni, Vyttila, Kochi, Kerala 682019",,jayadev@stirviarchitects.com,,42 reviews,4.6,,,,,,9.9830276,76.3188684,https://www.instagram.com/stirviarchitects/,https://www.facebook.com/stirviarchitects/,https://in.linkedin.com/company/stirviarchitects,,
,,,,,,,Architect in Kerala,Meister Varma Architects,http://www.meistervarma.in/,,"103A Pulloserry Road, Panampilly Nagar Ave, South, Kochi, Kerala 682020",,,,28 reviews,4.6,,,,,,9.9506685,76.2984486,https://www.instagram.com/meistervarma_architects/,https://www.facebook.com/meistervarma/,https://in.linkedin.com/company/meister-varma-architects,,
,,,,,,,Architect in Kerala,Carol Philip Architects,,6238770668,"PhilZ Arcade , Cheriyakumaroth lane, Mamangalam, Kochi, Kerala 682025",,,,118 reviews,4.6,,,,,,9.9687862,76.315541,https://www.instagram.com/carolphiliparchitects/,https://www.facebook.com/carolphiliparchitects/,https://in.linkedin.com/company/carolphiliparchitects,,
,,,,,,,Architectural designer in Kerala,MAAD Concepts,http://www.maadconcepts.com/,7558001111,"MAAD Concepts, Anjumana Rd, behind Anchumana Temple Road, Edappally, Kochi, Ernakulam, Kerala 682024",,manaf@maadconcepts.com,,84 reviews,4.6,,,,,,10.088427399999999,76.365584,https://www.instagram.com/maad_concepts/,https://www.facebook.com/maadconcepts/,https://in.linkedin.com/in/maad-concepts-019940281,,
,,,,,,,Architect in Kerala,SJA,,9745360710,"JNRWA-85, Link road, New Kudumbi Colony, Jawahar Nagar, Elamkulam, Kochi, Ernakulam, Kerala 682020",,,,39 reviews,4.6,,,,,,9.97438,76.31488639999999,https://www.instagram.com/sja.kochi/,,,,
,,,,,,,Architecture firm in Kerala,RGB Architecture Studio,,4842981933,"2827+65W, Palarivattom Flyover, Palarivattom, Kochi, Ernakulam, Kerala 682025",,,,61 reviews,4.6,,,,,,10.029692599999999,76.3058964,https://www.instagram.com/rgbarchitecturestudio/,,,,
,,,,,,,"Architecture firm in Thrissur, Kerala",i2a Architects Studio,http://www.i2aarchitects.com/,8086766222,"Vinpy Nagar, Paravattani, Thrissur, Kerala 680005",,,,26 reviews,4.6,,,,,,10.5197662,76.2421166,https://www.instagram.com/i2aarchitectsstudio/,https://www.facebook.com/i2aarchitectsstudio/,https://in.linkedin.com/company/i2a-architects-studio,,
,,,,,,,"Architecture firm in Kozhikode, Kerala",Aslam Sham architects,https://aslamsham.com/,,"8QPG+53P, Kozhikode, Kerala 673317",,info@aslamsham.com,,77 reviews,4.6,,,,,,11.3354579,75.77520919999999,https://www.instagram.com/aslamsham_architects/,https://www.facebook.com/aslam.sham.architects/,https://in.linkedin.com/company/aslam-sham-architects,,
,,,,,,,"Architecture firm in Kozhikode, Kerala",BlueClay Architects & Associates,http://blueclayarchitects.org/,9910639958,"KP Chandran Rd, Kozhikode, Kerala 673004",,info@blueclayarchitects.com,,49 reviews,4.6,,,,,,11.265924,75.7897854,https://www.instagram.com/blueclayarchitects/,https://www.facebook.com/BlueClayArchitects/,https://in.linkedin.com/company/blueclay-architects-associates,,
,,,,,,,Architect in Kerala,STHAPATHY TRADITIONAL ARCHITECTS & ENGINEERS,https://www.sthapathyarchitects.com/,4842530848,"Ashoka Rd, Mamangalam, Kaloor, Ernakulam, Kerala 682017",,projectsthapathy1@gmail.com,,51 reviews,4.6,,,,,,10.005926599999999,76.29124379999999,,,,,
,,,,,,,Architectural designer in Kerala,Bluebox Architects,http://www.blueboxarchitects.com/,4842323300,"KVG-08, Panampilly Nagar, Kochi, Ernakulam, Kerala 682036",,,,96 reviews,4.6,,,,,,9.965438899999999,76.29631429999999,https://www.instagram.com/bluebox_architects/,https://www.facebook.com/ArJobin/,https://in.linkedin.com/in/bluebox-architects-797402247,,
,,,,,,,Architect in Kerala,Sankalp Architects,,4844023069,"CBRA-45, Elamkulam, Kochi, Ernakulam, Kerala 682020",,,,19 reviews,4.6,,,,,,11.2698232,75.7817781,,,,,
,,,,,,,"Architect in Kozhikode, Kerala",THOUGHT PARALLELS architecture,http://www.thoughtparallels.com/,9400482899,"Thought Parallels A4, Gandhi Nagar Housing Colony Beach road, Bhatt Rd, Junction, West Hill, Kozhikode, Kerala 673005",,,,138 reviews,4.6,,,,,,11.290378299999999,75.7590087,https://www.instagram.com/thoughtparallels/,https://www.facebook.com/thoughtparalles/,https://in.linkedin.com/in/thought-parallels-aaa3b2b1,,
,,,,,,,Architect in Kerala,Alpha Design Studio,,9497276060,"43/2235, Mariya Tharakan Centre, Samskara Pipeline Jn, Thammanam - Palarivattom Road, Mahakavi Vailoppilli Rd, Chakkalakkal, Palarivattom, Ernakulam, Kerala 682025",,,,15 reviews,4.6,,,,,,9.9967797,76.3080677,,,,,
,,,,,,,Architecture firm in Kerala,Mathai Mathew Architects,http://www.mathaiarchitects.com/,4842316214,"5th floor, Alpha Plaza, KP Vallon Rd, Kadavanthra Junction, Giri Nagar, Kadavanthra, Ernakulam, Kerala 682020",,contact@mathaiarchitects.com,,16 reviews,4.6,,,,,,9.9665457,76.30062079999999,,,,,
,,,,,,,Architect in Kerala,Architect Jacob George,,,"2943+GMG, Kakkanad, Kerala 682030",,,,7 reviews,4.6,,,,,,10.006322299999999,76.3541916,,,,,
,,,,,,,Architect in Kerala,Sanskriti Architects,http://www.sanskritiarchitects.in/,4842776569,"Eroor Road , Labour Corner,near Primary Health Center Eroor, Thrippunithura, Tripunithura, Kerala 682306",,info@sanskritiarchitects.in,,79 reviews,4.5,,,,,,10.014939300000002,76.3016464,,https://www.facebook.com/SanskritiArchitects/,https://in.linkedin.com/company/sanskriti-architects,,
,,,,,,,Architect in Kerala,Kumar Group Total Designers,http://www.kumargroup.org/,9745622208,"Kent Glass House, 30/1059E, Kaniyampuzha Rd, Vyttila, Kochi, Ernakulam, Kerala 682019",,kochi@kumargroup.orgt,,153 reviews,4.5,,,,,,9.960258699999999,76.2919452,https://www.instagram.com/kumar_group/,,https://in.linkedin.com/company/kumar-group-architects,,
,,,,,,,Architect in Kerala,Vidya And Syam - Architects Engineers,,8891188227,"Poornaprabha building, Hospital Rd, opp. Govt, Kannankulangara, Thrippunithura, Ernakulam, Kerala 682301",,,,25 reviews,4.5,,,,,,10.7596785,76.665705,https://www.instagram.com/syam_tripunithura/,https://www.facebook.com/vidyaandsyamarchitects/,,,
,,,,,,,"Architect in Kozhikode, Kerala",VM Architects,http://www.vmarchitects.net/,8075208009,"C2, Jawahar Nagar Colony Rd, Eranhipaalam, Jawahar Nagar, Kozhikode, Kerala 673006",,vmarchitects01@gmail.com,,33 reviews,4.5,,,,,,9.9628476,76.287652,https://www.instagram.com/vmarchitects_calicut/,https://www.facebook.com/www.vmarchitects.net/,,,
,,,,,,,Architecture firm in Kerala,De Seven Architects & Builders,http://www.deseven.in/,9946967671,"First floor, NKM Arcade, Thaikavu junction, Arakkakadavu, Vennala, Kochi, Kakkanad, Kerala 682028",,info@deseven.in,,19 reviews,4.5,,,,,,9.9934318,76.3210136,,https://www.facebook.com/d7designstudio/,,,
,,,,,,,Architecture firm in Kerala,"Kriya - Architecture, Interiors, Landscape",http://instagram.com/kriya.ail,,"Thoundayil Rd, Panampilly Nagar, Kochi, Ernakulam, Kerala 682036",,,,10 reviews,4.5,,,,,,9.960854999999999,76.29392370000001,https://www.instagram.com/kriya.ail/,,,,
,,,,,,,Architect in Kerala,Inspiration,https://www.inspirationcollective.org/,4842779470,"Sai Ln Rd, Poonithura, Maradu, Kochi, Ernakulam, Kerala 682038",,,,57 reviews,4.5,,,,,,9.9457668,76.3379896,https://www.instagram.com/inspirationarchitects_india/,,,,
,,,,,,,"Architect in Thiruvananthapuram, Kerala",Architect Chandramohan Associates,http://www.chandramohanassociates.com/,4712721200,"1, Belhaven C Street, Belhaven Gardens, Kowdiar, Thiruvananthapuram, Kerala 695003",,,,22 reviews,4.5,,,,,,8.517974599999999,76.9581426,,,https://in.linkedin.com/company/architect-chandramohan-associates,,
,,,,,,,"Architect in Thiruvananthapuram, Kerala",S Squared Architects Pvt Ltd.,http://www.ssquaredarchitects.com/,9447047467,"no.56, Vempanattu, Plamood, Pattom P.O, Plamoodu Thekkumoodu Residents Association, Thiruvananthapuram, Kerala 695004",,info@ssquaredarchitects.com,,64 reviews,4.5,,,,,,8.5132131,76.9453474,,https://www.facebook.com/ssquaredarchitects/,https://in.linkedin.com/in/shaji-vempanadan-varughese-179b4b16b,,
,,,,,,,Architect in Kerala,A M ARCHITECTURE,,4842207610,"Navkar Plaza, IInd Floor, K K Road, Kadavanthara Jn., Kochi, Kerala 682020",,,,6 reviews,4.5,,,,,,9.9457922,76.35018409999999,,,,,
,,,,,,,Architect in Kerala,K G Sukumaran & Associates,http://www.kgsassociates.in/,4842359428,"Architects Chamber, MG Road, Ravipuram, Ernakulam, Kerala 682016",,contact@oceanthemes.net,,22 reviews,4.5,,,,,,9.960573799999999,76.2892085,,https://www.facebook.com/KGSArchitects/,https://in.linkedin.com/company/kg-sukumaran-associates,,
,,,,,,,Architect in Kerala,Edom,,,"X7FW+544, MIG and HIG Colony, Gandhi Nagar, Elamkulam, Ernakulam, Kerala 682020",,,,17 reviews,4.5,,,,,,9.9729264,76.2953201,,,,,
,,,,,,,Architectural designer in Kerala,DESIGNLOOM ARCHITECTS,http://www.designloom.in/,9495181756,"VNRA131, Vidya Nagar Rd, behind Royal Grace Salon, Vidya Nagar, Kadavanthra, Kochi, Kerala 682020",,designloomstudio@gmail.com,,8 reviews,4.5,,,,,,9.953042499999999,76.30073589999999,,,,,
,,,,,,,Interior designer in Kerala,Renjith Associates - Interior Designers Kochi,http://www.renjithassociates.com/,9847438814,"Punnoolil building, Vadacode .P.O Near Kangarapady Mini Town Hall Near Bright Sports Centre Thachanvelimala, Kakkanad, Road, Kochi, Kerala 682021",,renjith@renjithassociates.com,,43 reviews,4.5,,,,,,10.0349264,76.34906749999999,,https://www.facebook.com/Renjith-Associates-169029253120847/,https://in.linkedin.com/company/renjithassociates,,
,,,,,,,"Architect in Kothamangalam, Kerala",Kottancheril Builders - Elia Architects,,9947068100,"2JX8+5G9, MA College, Kochi - Madurai - Dhanushkodi Rd, Mathirappilly, PO, Kothamangalam, Kerala 686666",,,,21 reviews,4.5,,,,,,10.047919199999999,76.616323,,,,,
,,,,,,,Architect in Kerala,AXYZ VENTURES,https://www.axyzventures.com/,4844000079,"3rd Floor, Syama Dynamics, Vytilla Junction, Cochin, Kochi, Kerala 682019",,admin@axyzventures.com,,51 reviews,4.5,,,,,,9.9678981,76.3178337,https://www.instagram.com/axyzventures/,https://www.facebook.com/axyzventures/,https://www.linkedin.com/in/dhanalakshmi-k-3458061a,,
,,,,,,,"Architect in Kochi, Kerala",INTERSPACES- ARCHITECTS,,,"Chakkaraparambu, Vennala, Ernakulam, Kochi, Kerala 682028",,,,8 reviews,4.5,,,,,,9.9932316,76.3193652,,,,,
,,,,,,,Architect in Kerala,International Architects,,4842101212,"33/1843-A NH Bypass, Service Rd, Vennala, Ernakulam, Kerala 682028",,,,6 reviews,4.5,,,,,,10.0015149,76.31961310000001,,,,,
,,,,,,,Architecture firm in Kerala,Monnaie Architects & Interiors,https://www.monnaie.in/,9625080808,"Asianet Studio, 32/2480B Palathinkal Building Opp, Kochappilly Rd, Sonia Nagar, Palarivattom, Kochi, Kerala 682025",,enquiry@monnaie.in,,60 reviews,4.4,,,,,,9.9441636,76.3462633,,,,,
,,,,,,,Architecture firm in Kerala,Sneha Thomas Architects,http://snehathomasarchitects.com/,9447165570,"SD SQUARE, Temple Road, Kadavanthra, Kochi, Ernakulam, Kerala 682020",,snehathomasarchitects@gmail.com,,43 reviews,4.4,,,,,,9.951084,76.24773979999999,https://www.instagram.com/snehathomasarchitects/,,https://in.linkedin.com/company/sneha-thomas-architects,,
,,,,,,,Architecture firm in Kerala,ZARINE JAMSHEDJI ARCHITECTS,http://www.zarinejamshedji.com/,4844023885,"53/2265,SUBHASH CHANDRA BOSE ROAD, BELOW PONNURUNNI OVERBRIDGE, VYTTILA.P.O, Kochi, Kerala 682019",,admin@zarinejamshedji.com,,71 reviews,4.4,,,,,,9.987099599999999,76.2885213,,https://www.facebook.com/zarinejamshedjiarchitects/,https://in.linkedin.com/company/zarine-jamshedji-architects,,
,,,,,,,Architect in Kerala,Fahed + Architects,http://www.fahedarchitects.com/,4842409888,"44/1045, Kaloor, Kochi, Kerala 682017",,design@fahedarchitects.com,,93 reviews,4.4,,,,,,9.9630198,76.2982066,,https://www.facebook.com/fahedarchitects/,,,
,,,,,,,Architect in Kerala,Eminence Architects [Research + Design],http://www.eminencearchitects.com/,9895347562,"No. 19/30, 2nd Floor, Vembanad Heights, S.N.Junction, Kochi - Madurai - Dhanushkodi Rd, Thrippunithura, Kochi, Kerala 682301",,,,23 reviews,4.4,,,,,,9.954341699999999,76.3458089,https://www.instagram.com/eminencearchitects/,https://www.facebook.com/eminencearchitects/,,,
,,,,,,,Architect in Kerala,AR Architects (Asif Ahmed),http://www.architectasif.com/,4844024226,"41/353,Basement 1,Oberon mall, NH Bypass,Edappally, Kochi, Kerala 682024",,betterspace.asif@gmail.com,,88 reviews,4.4,,,,,,10.0144678,76.312102,https://www.instagram.com/architect_asif_ahmed/,https://www.facebook.com/ArchitectAsifAhmed/,https://in.linkedin.com/in/ar-asif-ahmed-9b048238,,
,,,,,,,"Architect in Kozhikode, Kerala","de Earth, ദി എർത്ത്",http://www.deearth.com/,4952741782,"Nellikode PO, 28/2756, Palazhi Road, Pottammal, Kozhikode, Kerala 673016",,,,118 reviews,4.4,,,,,,11.2575676,75.81032689999999,https://www.instagram.com/de_earth_architects/,,https://www.linkedin.com/company/de-earth,,
,,,,,,,Architect in Kerala,Art Nouveau Architects,https://www.artnouveau.in/,4842341067,"Level 6-K, Nippon Q1 Mall, NH Bypass, Chakkalakkal, Vennala, Kochi, Ernakulam, Kerala 682028",,artnove@gmail.com,,37 reviews,4.4,,,,,,10.0011133,76.3071008,,,,,
,,,,,,,Interior designer in Kerala,ANDZ Interior Design & Architecture,http://www.andzdesign.com/,7558075580,"Mahakavi Vailoppilli Rd, opposite Thejus Auditorium, Palarivattom, Kochi, Ernakulam, Kerala 682025",,info@andzdesign.com,,84 reviews,4.4,,,,,,10.003250699999999,76.301702,,https://www.facebook.com/andzkochi/,,,
,,,,,,,Architecture firm in Kerala,Design Combine,http://www.designcombine.com/,4844044468,"Ernakulam, Kerala 682030",,work@designcombine.com,,58 reviews,4.4,,,,,,9.9424872,76.34679349999999,https://www.instagram.com/designcombine/,https://www.facebook.com/designcombine/,https://in.linkedin.com/company/design-combine,,
,,,,,,,Architect in Kerala,Leading Design Architectural Studio,http://www.leadingdesign.in/,8589843311,"3rd Floor, KCF Tower, Bharat Matha College Road, Kakkanad, Thrikkakara, PO, Ernakulam, 682021",,,,32 reviews,4.4,,,,,,10.0242164,76.3326178,,,https://in.linkedin.com/in/binu-b-90667550,,
,,,,,,,Architectural designer in Kerala,P K R Menon & Associates,http://www.pkrmenonassociates.com/,4842781004,"Thrippunithura, Kochi, Ernakulam, Kerala 682301",,,,20 reviews,4.4,,,,,,9.9537024,76.3437921,,,,,
,,,,,,,Architect in Kerala,CDS Architects,http://www.cdsarchitects.in/,4844011229,"Block 1, B2, Door 1, HIG Ave, MIG and HIG Colony, Gandhi Nagar, Elamkulam, Kochi, Ernakulam, Kerala 682020",,info@cdsarchitects.in,,25 reviews,4.4,,,,,,9.9728122,76.2957693,,,,,
,,,,,,,"Engineering consultant in Kochi, Kerala",Synergy Architects and Engineers,,9447088898,"MNRA 162, Pipeline Rd, near Cross Rd 10, Maveli Nagar, Vidya Nagar Colony, Thrikkakara, Edappally, Ernakulam, Kochi, Kerala 682033",,,,30 reviews,4.4,,,,,,10.037941199999999,76.32729379999999,,,,,
,,,,,,,Architect in Kerala,Vijith Jagadeesh Architects,http://vjarc.com/,4844014424,"28/308, Beerankutty Rd, beside redtape showroom, Koonamthai, Edappally, Kochi, Ernakulam, Kerala 682024",,vjarkitekt@gmail.com,,18 reviews,4.4,,,,,,9.9684613,76.2998662,,https://www.facebook.com/vjarchitects/,https://in.linkedin.com/in/vijith-jagadeesh-2327a320,,
,,,,,,,Architect in Kerala,JOFF Architects,https://www.joffarchitects.com/,9745696041,"OS-1, 3 rd Floor, GCDA Complex, 31, Menaka, Marine Drive, Kochi, Ernakulam, Kerala 682031",,,,7 reviews,4.4,,,,,,9.9783066,76.2759818,,https://www.facebook.com/Joffarchitects/,,,
,,,,,,,"Architect in Thrissur, Kerala",The Space Scape Architects,http://www.thespacescape.com/,9496786753,"54, Pushpavihar Rd, Krishnapuram Village, Nadathara, Thrissur, Kerala 680751",,54spacescape@gmail.com,,18 reviews,4.4,,,,,,10.5155227,76.25802829999999,,,,,
,,,,,,,"Architect in Thrissur, Kerala",LIJO.RENY.architects,http://www.lijorenyarchitects.com/,9847016689,"LIJO.RENY.architect, TC 32/229, 1, Krishna Iyer Lane, Punkunnam, Thrissur, Kerala 680002",,lijo.reny@gmail.com,,100 reviews,4.3,,,,,,10.003542099999999,76.312899,https://www.instagram.com/lijo.reny.architects/,https://www.facebook.com/lijorenyarchitects/,,,
,,,,,,,"Architecture firm in the Valakam, Ernakulam district, Kerala",NATIONAL DESIGN GROUPS,https://nationaldesigngroups.in/,9497767971,"Niravath Building, Muvattupuzha, Valakom, Kerala 682316",,nationaldesigngroups@gmail.com,,22 reviews,4.3,,,,,,9.9789465,76.5243113,https://www.instagram.com/nationaldesigngroups/,https://www.facebook.com/nationaldesigngroups/,https://in.linkedin.com/company/national-design-groups,,
,,,,,,,Architect in Kerala,Ar KC George & Associates,http://www.arkcgeorge.com/,4842318399,"X78X+8GR, 2nd Cross Rd, Giringar Housing Colony, Giri Nagar Housing Society, Giri Nagar, Kadavanthra, Ernakulam, Kerala 682020",,,,51 reviews,4.3,,,,,,9.9658546,76.2987728,,,,,
,,,,,,,"Architect in Kozhikode, Kerala",BCA Architecture,https://bcaarchitecture.in/sandbox/,9349442200,"5/3247, Mavoor Rd, Kozhikode, Kerala 673001",,info@bcaarchitecture.in,,80 reviews,4.3,,,,,,11.260198899999999,75.7836959,https://www.instagram.com/bcaarchitecture/,https://www.facebook.com/bcaarchitecture/,https://in.linkedin.com/company/bca-architecture,,
,,,,,,,Architecture firm in Kerala,Foliage® Architecture,http://www.foliage.org.in/,4844011595,"1st Floor, ""Palazhi"", 55/611, Giri Nagar Rd, near Choice Kindergarten, Ernakulam, Kerala 682020",,connect@foliage.org.in,,55 reviews,4.3,,,,,,9.963963,76.29928679999999,https://www.instagram.com/foliagearchitecture/,https://www.facebook.com/foliagearchitects/,https://in.linkedin.com/company/foliage-architecture,,
,,,,,,,Architect in Kerala,Concerns Architects,,,"concernskoc@gmail.com, Mahakavi Vailoppilli Rd, Anjumuri, Kuthappady, Thammanam, Ernakulam, Kerala 682032",,,,3 reviews,4.3,,,,,,9.980861599999999,76.31354619999999,,,,,
,,,,,,,Construction and maintenance office in Kerala,Krishna Foundation and Structures,http://www.krishnafoundation.in/,8547862542,"XX/1/738, Near Poornathraesa Temple, Statue Junction, SH15, Kottakkakam, Thrippunithura, Ernakulam, Kerala 682301",,info@krishnafoundation.in,,3 reviews,4.3,,,,,,9.9449088,76.3430103,,,,,
,,,,,,,Architect in Kerala,Jabeen Zacharias Architects,,4844038806,"Jaya Nagar, Maradu, Ernakulam, Kerala 682304",,,,12 reviews,4.3,,,,,,9.949513399999999,76.3198171,https://www.instagram.com/jabeenzacharias/,,,,
,,,,,,,Architect in Kerala,Dennis Architects,http://www.dennis.co.in/,9048337777,"Mathai Manjooran Rd, Kacheripady, Kochi, Ernakulam, Kerala 682018",,enquiry@dennis.co.in,,26 reviews,4.2,,,,,,9.9582967,76.2965487,,https://www.facebook.com/architectdennis/,https://in.linkedin.com/in/dennis-architects-7a5991196,,
,,,,,,,Architecture firm in Kerala,DJ Architecture,,9567572193,"Swaraksha 81, Chandrathil Rd, Edappally, Kochi, Ernakulam, Kerala 682024",,,,21 reviews,4.2,,,,,,10.0152251,76.30688549999999,https://www.instagram.com/dj.architecture/,https://www.facebook.com/djarchitecture.in/,,,
,,,,,,,Architect in Kerala,Beetles3.3 Architecture,,,"8th floor, Mathewsons Centerpoint, pillar no: 486, Palarivattom - Edappally Rd, Palarivattom, Kochi, Kerala 682565",,,,30 reviews,4.2,,,,,,10.0107745,76.30303169999999,,,,,
,,,,,,,Architectural designer in Kerala,Buildon Ideas - 3D Architectural and Interior Designers,http://www.buildonideas.com/,9995778171,"1st Floor, No 44/717 A, Kaippilly Lane, Lfc Road, Kaloor, Kochi, Kerala 682017",,buildonideas@gmail.com,,20 reviews,4.2,,,,,,9.998503099999999,76.2901694,,https://www.facebook.com/buildonideas/,https://in.linkedin.com/company/buildonideas,,
,,,,,,,"Architect in Kochi, Kerala",Rahama Architects,http://www.rahamagroup.com/,4842102768,"vellampara arcade, Edappally - Pukkattupady Rd, Kangarappady, Kakkanad, Kochi, Kerala 682021",,info@rahamagroup.com,,5 reviews,4.2,,,,,,10.0430646,76.354837,,https://www.facebook.com/rahamaarchitects/,,,
,,,,,,,Real estate builders & construction company in Kerala,BuildNext Experience Center,,9207747100,"BuildNext Kochi 1st Floor, 67/2355, V-One Plaza, Old Railway Station Rd, Kacheripady, Kochi, Kerala 682018",,,,60 reviews,4.1,,,,,,9.987941,76.27929,,,,,
,,,,,,,Architect in Kerala,Formscape Architects,,9567455489,"Banerji Rd, Kaloor, Kochi, Kerala 682017",,,,14 reviews,4.1,,,,,,9.9970859,76.29515049999999,,,,,
,,,,,,,Architect in Kerala,J & I,http://www.jandiarchitects.com/,4842805739,"Malabar Gate, Bypass Junction, Edappally, Ernakulam, Kerala 682565",,jandiarchitects@gmail.com,,24 reviews,4.1,,,,,,10.0226609,76.3103476,,,,,
,,,,,,,Architect in Kerala,"Right Impression , Shonin C. Simon",http://www.spaceart.in/,4844042040,"Ponnurunni, Vyttila, Ernakulam, Kerala 682019",,info@spaceart.in,,29 reviews,3.9,,,,,,9.9740624,76.3020706,,,,,
,,,,,,,,Wall Makers,http://www.wallmakers.org/,,"34, 633, Edappally, Kochi, Ernakulam, Kerala 682024",,,,(4),3.8,,,,,,10.0165774,76.3086254,https://www.instagram.com/wallmakersstudio/,,https://in.linkedin.com/company/wallmakers-architectural-consultancy,,
,,,,,,,Architect in Kerala,Santhosh John & Associates,http://santhoshjohnandassociates.in/,4842389390,"29/1333-a1, Vyttila, Vyttila, near Rozy Bazar, Ernakulam, Kerala 682019",,,,14 reviews,3.7,,,,,,9.9680176,76.3172647,,,,,
,,,,,,,"Architect in Panavally, Kerala",Peter Gast Architect,https://www.facebook.com/Peter-Gast-German-Architect-Cochin-538232079593240/,,"R8HF+46M, Panavally, Kerala 688535",,,,3 reviews,3.7,,,,,,9.8278383,76.3230382,,,,,
,,,,,,,Architect in Kerala,Plan Arts,,4844042310,"SMRA 77, St Martin Rd, near St.martin church, Palarivattom, Kochi, Ernakulam, Kerala 682025",,,,21 reviews,3.7,,,,,,9.9987054,76.3044065,,,,,
,,,,,,,"Architectural designer in Kodangipalayam, Tamil Nadu","Scale and Pencil Architects Kochi, Ernakulam, Building Design Kerala",,9400336111,"Near Amalothbhavamatha Roman Catholic Latin Church, Manjummel, Eloor, Ernakulam, Kerala 683501",,,,72 reviews,3.5,,,,,,11.0218163,77.2043218,https://www.instagram.com/scale_and_pencil/,https://www.facebook.com/ScaleandPencil1/,,,
,,,,,,,Architect in Kerala,Associated Architects,,9847031062,"Opposite Kendriya Vidyalaya, Gandhi Nagar, Kadavanthra, Ernakulam, Kochi, Kerala 682020",,,,4 reviews,3.3,,,,,,9.9713664,76.2965188,,,,,
,,,,,,,Home builder in Kerala,Viruvelil Group of Companies,,9388701700,"Friends Lane No.3,Deshabhimani Road,Kaloor, Deshabhimani Road,Kaloor, Ernakulam, Kerala 682017",,,,12 reviews,2.8,,,,,,10.001033099999999,76.2944417,,https://www.facebook.com/viruvelil/,,,
,,,,,,,Architect in Kerala,SPACE + Architects & Interiors,,9447937568,"17, Azad Rd, opp. Renewal Centre, Kaloor, Kochi, Ernakulam, Kerala 682017",,,,1 review,1.0,,,,,,9.9946383,76.2955947,,,,,
,,,,,,,,Ashly Mary Architects,https://ashlymaryarchitects.com/,9744985931,"Edakara Building Pampady P.O, Kerala 686502",,,,,,,,,,,9.5696453,76.63829919999999,,,,,
,,,,,,,,Rasi Architects,,,"1st Floor, Pournami building, Panchayath Jn, P. O, Thrippunithura, Thiruvankulam, Ernakulam, Kerala 682305",,,,,,,,,,,9.9457275,76.3688973,,,,,
,,,,,,,,Concreator Architects Kochi,,,"TTRA133,TTRA54, House No 401, Tharavadu House, Market Rd, Kannankulangara, Thrippunithura, Ernakulam, Kochi, Kerala 682301",,,,,,,,,,,9.943621,76.3521186,,,,,
,,,,,,,,The Architects Group,https://thearchitectsgroup.org/,,"62/1312,Ambady Panthyil Tower Warriam Road, Mahatma Gandhi Rd, west side of, Ernakulam, Kerala 682016",,info@thearchitectsgroup.org,,,,,,,,,9.96537,76.28586279999999,,https://www.facebook.com/thearchitectsgroup2007/,,,
,,,,,,,,Cuboid Studio,http://www.cuboidstudio.com/,9747591117,"Melka Tower, Cheruparambath Rd, Kadavanthra, Ernakulam, Kerala 682020",,teamcuboidstudio@gmail.com,,,,,,,,,9.9668741,76.30201919999999,https://www.instagram.com/cuboidstudio/,https://www.facebook.com/cuboidstudio.arch/,,,
,,,,,,,,Sohum Architects,,,"No.G225, First Floor, Ambikapuram Rd, opposite French Toast, Panampilly Nagar, Kochi, Ernakulam, Kerala 682036",,,,,,,,,,,9.9609636,76.29416309999999,,,,,
,,,,,,,,Peter + Architects,,9656805866,"No:37 North, Giri Nagar, Kadavanthra, Kochi, Kerala 682020",,,,,,,,,,,9.9736695,76.2959042,,https://www.facebook.com/peterarchitects2020/,,,
,,,,,,,,Blackink architects,,9961525203,"Vennala High School Rd, Chembumukku, Vennala, Kochi, Ernakulam, Kerala 682028",,,,,,,,,,,10.0043335,76.3216843,,,,,
,,,,,,,,13:5 Architects,,,"Skyline Opus, 2D, Palarivattom, Kerala 682025",,,,,,,,,,,10.0063429,76.30423909999999,,,,,
,,,,,,,,Bava Architects and Planners,,8592925500,"Bava Building, Companypadi Junction, Choornikkara, Aluva, Kerala 683106",,,,,,,,,,,10.0877979,76.342851,,,,,
,,,,,,,,KOCHIKUNNEL ARCHITECTS,,,"Kochikunnel Architects, vadekken building, old, MC Rd, near Felican pet hospital, Thottumkalpeedika, Muvattupuzha, Kerala 686661",,,,,,,,,,,9.9709491,76.58016119999999,,,,,
,,,,,,,,Priyesh&Simi Architects,,,"15/63-C, PO, Desom, Aluva, Kerala 683102",,,,,,,,,,,10.1279804,76.35293779999999,,,,,
,,,,,,,,,,,,,,,,,,,,,,,,,,,,
,,,,,,,,name,address_1,address_2,phone_number,website,rating,image_source,place_url,,,,,,,,,,,,,
,,,,,,,,Sunpower Cement Company Private Limited. (Indiana Cements),,"Kanjikode, Kerala","Petronet Road, Wisepark",http://www.sunpowergroup.ae/,4,,,.,https://www.google.com/maps/place/data=!3m1!4b1!4m6!3m5!1s0x3ba8696fffffffff:0x4b20035de7cbba6d!8m2!3d10.7863175!4d76.7830759!16s%2Fg%2F11gcq36_7v?entry=ttu,,,,,,,,,,,
,,,,,,,,Malabar Cement Factory,,"Pallipuram, Kerala 688541",Industrial Growth Centre,http://www.malabarcements.com/,3.9,,,ro@malabarcements.com,https://www.google.com/maps/place/data=!3m1!4b1!4m6!3m5!1s0x3b087bd7f0de1c0f:0xaf366c61993d22fe!8m2!3d9.7480854!4d76.3628427!16s%2Fg%2F11c532st2s?entry=ttu,,,,,,,,,,,
,,,,,,,,Penna Cement Industries Limited,,Willingdon Island,Bulk Cement Terminal and Bagging Plant,https://www.pennacement.com/,4.5,,,.,https://www.google.com/maps/place/data=!3m1!4b1!4m6!3m5!1s0x3b086dd53a84f1bf:0xf8c1015a944bf80a!8m2!3d9.9662271!4d76.2660811!16s%2Fg%2F11g21s1wm_?entry=ttu,,,,,,,,,,,
,,,,,,,,"Cochin Cements Limited / Sand Tech , Palakkad Division",,"No.A2, Road",NIDA,http://www.cclcement.com/,4.9,https://lh5.googleusercontent.com/p/AF1QipP5wyb9tsWd-eJ6438I8vOe7_4yqshYqx9Vkf7F,,info@cclcement.com,https://www.google.com/maps/place/data=!3m1!4b1!4m6!3m5!1s0x3ba869173839c95d:0x926013a71d2b55cd!8m2!3d10.7913125!4d76.7528125!16s%2Fg%2F11rmwxy5cr?entry=ttu,,,,,,,,,,,
,,,,,,,,Cochin Cements Ltd,,"Velloor, Kerala 686609",Mevelloor,http://www.cclcement.com/,4.2,,,info@cclcement.com,https://www.google.com/maps/place/data=!3m1!4b1!4m6!3m5!1s0x3b0877e16a1fcdfd:0xf7153dff9aeb69d6!8m2!3d9.8223811!4d76.4523514!16s%2Fg%2F1vqtf6yh?entry=ttu,,,,,,,,,,,
,,,,,,,,Travancore Cements Ltd.,,"Rd to Kottayam Port, Moolavattom",HG56+R4P,http://www.travcement.com/,3.8,,,.,https://www.google.com/maps/place/data=!3m1!4b1!4m6!3m5!1s0x3b062bce45888e89:0xd4a0cdc4e0c11df!8m2!3d9.5595757!4d76.5103437!16s%2Fg%2F1tf9wvsv?entry=ttu,,,,,,,,,,,
,,,,,,,,Ramco Cements Limited,,"Padma Junction, Pullepady",X7JJ+HXR,https://ramcocements.in/,4.7,,,"“@ramcocements.co.in”., “@ramcocements.co.in”, “@ramcocements.co.in”
customercare@ramcocements.co.in",https://www.google.com/maps/place/data=!3m1!4b1!4m6!3m5!1s0x3b080d5105cd9027:0xe04aa96eae203a32!8m2!3d9.981482!4d76.2823808!16s%2Fg%2F1vcq60q3?entry=ttu,,,,,,,,,,,
,,,,,,,,Ambuja Cements,,Willingdon Island,X748+7V8,https://www.ambujacement.com/,3.6,,,#ALL_SELECTORS_RETURN_NULL,https://www.google.com/maps/place/data=!3m1!4b1!4m6!3m5!1s0x3b086d5ecf9c553d:0xaeb4d00643071c71!8m2!3d9.9556504!4d76.2672054!16s%2Fg%2F1pp2vlrkg?entry=ttu,,,,,,,,,,,
,,,,,,,,Penna Cement Industries Limited,,"Market Rd, Ollur Industrial Estate, Ollur",F6FQ+7WG,http://www.pennacement.com/,3.9,,,.,https://www.google.com/maps/place/data=!3m1!4b1!4m6!3m5!1s0x3b080daf43102ae9:0x1f3c53abe8b4e825!8m2!3d10.4731906!4d76.2398367!16s%2Fg%2F1q5bmf902?entry=ttu,,,,,,,,,,,
,,,,,,,,Manama Cements Pvt. Ltd (Periyar Cements),,Po,Menonpara Road,http://www.periyarcement.com/,5,https://lh5.googleusercontent.com/p/AF1QipOTbeq5NQ5sYGWBKwmotRp77nve81KA5xMBJ5w3,,.,https://www.google.com/maps/place/data=!3m1!4b1!4m6!3m5!1s0x3ba86bd626cbf171:0xd6be137914fa7ecd!8m2!3d10.7841543!4d76.7723752!16s%2Fg%2F11f0kvb5c0?entry=ttu,,,,,,,,,,,
,,,,,,,,Ultra White Cement Kerala,,"Walayar, Kerala 678624","Poolampara Road, Pudussery East",,5,https://lh5.googleusercontent.com/p/AF1QipNU4Iy6QlHsiylt46IWhD9L1KsjTTwDBM0Od3xg,,#URL_NOT_FILLED,https://www.google.com/maps/place/data=!3m1!4b1!4m6!3m5!1s0x3ba8690cf1d0a85f:0x3b24cbbe954c39e3!8m2!3d10.8179821!4d76.8239081!16s%2Fg%2F11lpjvk0gm?entry=ttu,,,,,,,,,,,
,,,,,,,,Zuari Cement Ltd,,"behind Q5 Berth, Wharf, Willingdon Island",Bulk Cement and Bagging Terminal,http://www.zuaricements.com/,4.5,,,zclho@zcltd.com,https://www.google.com/maps/place/data=!3m1!4b1!4m6!3m5!1s0x3b086d1257e20cef:0x479ccd14ff3c0b1b!8m2!3d9.969396!4d76.2632234!16s%2Fg%2F11clyj4l4q?entry=ttu,,,,,,,,,,,
,,,,,,,,Ferrocon Concrete factory,,Manalimukku,NAD P O,https://instagram.com/concrete_factory?igshid=YmMyMTA2M2Y=,4.6,https://lh5.googleusercontent.com/p/AF1QipNcWcAgewfkCwojy9eLb_iEMrXdiigGT7rVdQL2,,#PAGE_NOT_FOUND,https://www.google.com/maps/place/data=!3m1!4b1!4m6!3m5!1s0x3b080b22038452c5:0xd5fd5f4d43c66f6b!8m2!3d10.0620451!4d76.3692212!16s%2Fg%2F11sn_3l_23?entry=ttu,,,,,,,,,,,
,,,,,,,,Bharathi Cement Corporation,,"Kochi, Kerala 682024","H.No.34/1700-D,2nd Floor,PTM Chambers,Bank Junction,Edapally,",http://www.bharathicement.com/,4.8,https://lh5.googleusercontent.com/p/AF1QipM2Wkzg1UmccV6yJ0kdAimesILeBM3nPHPmjAqq,,,https://www.google.com/maps/place/data=!3m1!4b1!4m6!3m5!1s0x3b080d0828df46cd:0x3906ba7f16ba45e0!8m2!3d10.0222465!4d76.3094463!16s%2Fg%2F11bbrc7m7k?entry=ttu,,,,,,,,,,,
,,,,,,,,Sreehari cement products,,"opp. Vilangan hills, Amalanagar",Thrissur - Kunnamkulam Rd,,5,,,#URL_NOT_FILLED,https://www.google.com/maps/place/data=!3m1!4b1!4m6!3m5!1s0x3ba7edce41e0372d:0x96480324165dcfe9!8m2!3d10.5584295!4d76.1720718!16s%2Fg%2F11t2txrt9s?entry=ttu,,,,,,,,,,,
,,,,,,,,Eurotech Cements & Products,,"X111/878, Petronet Road",Wise Park,,4,,,#URL_NOT_FILLED,https://www.google.com/maps/place/data=!3m1!4b1!4m6!3m5!1s0x3ba86980e5e8ec93:0x46eaa06f7b851e11!8m2!3d10.7870252!4d76.7836572!16s%2Fg%2F11fy5685tb?entry=ttu,,,,,,,,,,,
,,,,,,,,Ultratech Cement Limited,,Willingdon Island,X786+X5M,https://www.ultratechcement.com/,4.1,https://lh5.googleusercontent.com/p/AF1QipNU7L75Y6JunzxTVS1EGfs7PxBUiCyiQz8xfVa0,,#ALL_SELECTORS_RETURN_NULL,https://www.google.com/maps/place/data=!3m1!4b1!4m6!3m5!1s0x3b086d521a75e489:0xa50805caca00d0!8m2!3d9.9674726!4d76.2604152!16s%2Fg%2F124sv9cwj?entry=ttu,,,,,,,,,,,
,,,,,,,,ACC LIMITED - RMX DIVISION,,"Binanipuram, Edayar",Edayar Industrial area,https://www.acclimited.com/,4,,,#ALL_SELECTORS_RETURN_NULL,https://www.google.com/maps/place/data=!3m1!4b1!4m6!3m5!1s0x3b080f681983330b:0x8f648b1264b456e7!8m2!3d10.0808735!4d76.3067333!16s%2Fg%2F11kwfcxcl8?entry=ttu,,,,,,,,,,,
,,,,,,,,KLAR KONKRETE,,"Road, Ayroorpadam",27/8 Pius Gardens,http://www.klarkonkrete.com/,4.5,https://lh5.googleusercontent.com/p/AF1QipMxdkau5xvC79vXapNhjlRnCmoGctV8LGecHuI9,,"klar@davidsons.co.in
rmx@davidsons.co.in
klar@davidsons.co.in",https://www.google.com/maps/place/data=!3m1!4b1!4m6!3m5!1s0x3b07e5e324e56acd:0x61e77ad1db671663!8m2!3d10.1005336!4d76.6036294!16s%2Fg%2F11h_cbc5g6?entry=ttu,,,,,,,,,,,
,,,,,,,,CONTINENTAL Cements,,India,"Kanjikode, Pudussery Central, Kerala 678621",https://continentalcements.in/,5,,,"info@continentalcements.in
info@continentalcements.in",https://www.google.com/maps/place/data=!3m1!4b1!4m6!3m5!1s0x3ba86912a9686be1:0x7b833b8dc0a48d65!8m2!3d10.7897518!4d76.7607172!16s%2Fg%2F11flrlcd65?entry=ttu,,,,,,,,,,,
,,,,,,,,The India Cements Ltd,,Plammoodu,GW8X+77Q,https://www.indiacements.co.in/,5,https://lh5.googleusercontent.com/p/AF1QipPtXqqT8-Oig_ihmeneWcNNdh8bOCw-Wuhw2OYe,,.,https://www.google.com/maps/place/data=!3m1!4b1!4m6!3m5!1s0x3b05bbdb46d04a6d:0xa3c564df2d4dd39e!8m2!3d8.5157195!4d76.9482432!16s%2Fg%2F11gdqs0mqz?entry=ttu,,,,,,,,,,,
,,,,,,,,Cement Land Corporate,,"Kallai Rd, Pushpa Junction, Chalappuram","H.O.19/1819, Pushpa Jn",,4.4,,,#URL_NOT_FILLED,https://www.google.com/maps/place/data=!3m1!4b1!4m6!3m5!1s0x3ba6596b6e8648e9:0x947714c4ee21bf30!8m2!3d11.2429167!4d75.785635!16s%2Fg%2F1q62gcdk9?entry=ttu,,,,,,,,,,,
,,,,,,,,India Cements Limited,,"Palaparambil Ln, Punkunnam",G5MX+7G3,https://www.indiacements.co.in/,5,,,.,https://www.google.com/maps/place/data=!3m1!4b1!4m6!3m5!1s0x3ba7ee5d85cbc7c5:0xc039dde5e67835e1!8m2!3d10.5331385!4d76.1988071!16s%2Fg%2F11d_2c6t6x?entry=ttu,,,,,,,,,,,
,,,,,,,,UltraTech Cement Ltd,,Vyttila,"PERA-92A, Panorama Ln 3",https://ultratechcement.com/,3.7,,,.,https://www.google.com/maps/place/data=!3m1!4b1!4m6!3m5!1s0x3b087365dd10d9b9:0x87f8ba5034376c9f!8m2!3d9.9730922!4d76.307436!16s%2Fg%2F11kqd2hcmm?entry=ttu,,,,,,,,,,,
,,,,,,,,Balya Cement Private Limited,,"Thrissur, Kerala 680623","Balya Cement PVT LTD, Velur Chungam Post, Thayyoor",http://balyagroup.com/,4,,,#ALL_SELECTORS_RETURN_NULL,https://www.google.com/maps/place/data=!3m1!4b1!4m6!3m5!1s0x3ba7ebf14ab09711:0xa0dad5f72b2752ba!8m2!3d10.6518307!4d76.1738266!16s%2Fg%2F11v19n9c52?entry=ttu,,,,,,,,,,,
,,,,,,,,India Cements Limited,,"Krishnaswamy Rd, Arangath Pullepady","X7JP+HHH, Icl House",https://www.indiacements.co.in/,4.4,https://lh5.googleusercontent.com/p/AF1QipMotXuMtpIgIUq2LK6r-OJK0e-mIVPYcJiXfAnu,,.,https://www.google.com/maps/place/data=!3m1!4b1!4m6!3m5!1s0x3b080d4ee3a26c73:0x9956780821d9ecf6!8m2!3d9.9814351!4d76.286499!16s%2Fg%2F1tdb_1xy?entry=ttu,,,,,,,,,,,
,,,,,,,,Mariya Trading Company - Chettinad Cement Agency in Idukki Kerala,,Kerala 685602,Neriamangalam Painavu Road,https://www.chettinadcement.com/,5,https://lh5.googleusercontent.com/p/AF1QipPD-r501BzJo-Q5tH1e2e2xbKvFlhpJrRN32d0U,,.,https://www.google.com/maps/place/data=!3m1!4b1!4m6!3m5!1s0x3b07957190d07e87:0x4c8141824c02acb5!8m2!3d10.006242!4d76.8726147!16s%2Fg%2F11w429twsj?entry=ttu,,,,,,,,,,,
,,,,,,,,Ultratech Cement Limited RMC Muvattupuzha,,Kalloorkad - Muvattupuzha Rd,XJH9+QJV,https://online.fliphtml5.com/jfuoh/ackt/#p=4,5,https://lh5.googleusercontent.com/p/AF1QipPMzkDCzOWoCpijO8YSUnW34x4RcumOoQC2dSg,,#PAGE_IS_EMPTY,https://www.google.com/maps/place/data=!3m1!4b1!4m6!3m5!1s0x3b07dd005670b4b3:0x6238389d9b095d4f!8m2!3d9.9789699!4d76.6192461!16s%2Fg%2F11vwzg5kcb?entry=ttu,,,,,,,,,,,
,,,,,,,,"Ayyoob and Son - Chettinad Cement Agency in Kottoor, Kerala",,Kunnamthanam - Krishibhavan Rd,Kaviyoor,https://www.chettinadcement.com/,5,https://lh5.googleusercontent.com/p/AF1QipP1-oQPi8j8RrLc90g0I8Q1w3cL3vxiNjBb-Nfa,,#ALL_SELECTORS_RETURN_NULL,https://www.google.com/maps/place/data=!3m1!4b1!4m6!3m5!1s0x3b06258ca7e950d7:0x865b988398ebbd65!8m2!3d9.422338!4d76.6028488!16s%2Fg%2F11y63yhcwl?entry=ttu,,,,,,,,,,,
,,,,,,,,Paulson Cements - ACC,,Puthuppanam,Ground Floor,https://dealers-nearme.acclimited.com/paulson-cements-acc-cement-manufacturer-puthuppanam-ernakulam-267847/Home?utm_source=locator&utm_medium=googleplaces,5,,,.,https://www.google.com/maps/place/data=!3m1!4b1!4m6!3m5!1s0x3b07df4344d825b9:0xc267576ff0b25fc3!8m2!3d9.9760166!4d76.4580218!16s%2Fg%2F11stvdb98k?entry=ttu,,,,,,,,,,,
,,,,,,,,Amritha cement bricks industries,,PO,5VR3+HV9,,5,https://lh5.googleusercontent.com/p/AF1QipNln5GFQWbvbf2M4_cwKQF23B17N3JzLsR10dNy,,#URL_NOT_FILLED,https://www.google.com/maps/place/data=!3m1!4b1!4m6!3m5!1s0x3b066df877a608b3:0x749d7d74a7e40a79!8m2!3d9.190709!4d76.8556201!16s%2Fg%2F11t4hftzlz?entry=ttu,,,,,,,,,,,
,,,,,,,,Revathy Industries Chengamannil Cement Brick,,"Eraviperoor, Kerala 689541","Chengamannil House, Nannoor-Othera Rd, Kozhimala P O, Vallamkulam Thiruvalla",,4.2,,,#URL_NOT_FILLED,https://www.google.com/maps/place/data=!3m1!4b1!4m6!3m5!1s0x3b06235cd56cab55:0xada9959808eb1c57!8m2!3d9.3668571!4d76.6208718!16s%2Fg%2F11f15mvf49?entry=ttu,,,,,,,,,,,
,,,,,,,,RDC Concrete (India) Limited,,"Muppathadam Rd, P.O, Edayar",Plot No. VI/58 & 59 Industrial Development Area,http://www.rdcconcrete.com/,4.2,,,"customercare@rdc.in
sales@rdc.in",https://www.google.com/maps/place/data=!3m1!4b1!4m6!3m5!1s0x3b080fdbc0d31bab:0xbdf5a623dd2902cc!8m2!3d10.0814089!4d76.3165175!16s%2Fg%2F11jdgp4dz6?entry=ttu,,,,,,,,,,,
,,,,,,,,Cement and Steel kolabhagathu and. Tisha agencies,,"Thiruvalla, Kerala 689105",Thirumoolapuram,,4.9,,,#URL_NOT_FILLED,https://www.google.com/maps/place/data=!3m1!4b1!4m6!3m5!1s0x3b0624091d2add03:0x3691cc97480bcf48!8m2!3d9.383542!4d76.5691385!16s%2Fg%2F11bxjpzrz6?entry=ttu,,,,,,,,,,,
,,,,,,,,Vinu Cement Grill Works,,India,"Eraviperoor, Thiruvalla, Kerala 689542",,5,,,,https://www.google.com/maps/place/data=!3m1!4b1!4m6!3m5!1s0x3b0624a3fd9ffe7d:0xdd8a906d8343407e!8m2!3d9.3829998!4d76.6234198!16s%2Fg%2F11v5yx4mzn?entry=ttu,,,,,,,,,,,
,,,,,,,,Tritech RMC,,"Chirakkakkode, Kerala 680654",Chirakkakkod - Kachithodu Rd,,4.3,,,,https://www.google.com/maps/place/data=!3m1!4b1!4m6!3m5!1s0x3ba7e598b042237b:0xd07d1443b967c4c0!8m2!3d10.5663463!4d76.28512!16s%2Fg%2F11jrvcmpg8?entry=ttu,,,,,,,,,,,
,,,,,,,,CVC Ready Mix Concrete,,"Bridge, near Aroor Toll Plaza, Kumbalam","NH-47, Kumbalam, Panagad",http://www.cherianvarkey.com/,4.3,https://lh5.googleusercontent.com/p/AF1QipNMPO12YYYYu1D_YJ6ZMOwv8D9PfRQ9U5isFWyJ,,,https://www.google.com/maps/place/data=!3m1!4b1!4m6!3m5!1s0x3b087233133e2855:0x35a6cf0ea4c2b78!8m2!3d9.902272!4d76.315337!16s%2Fg%2F1hc40j4h_?entry=ttu,,,,,,,,,,,
,,,,,,,,"STEEL HOUSE ATHANI,NEDUMBASSERY",,India,"Athani, Kerala 683585",http://steelhousekalady.com/,4.7,,,,https://www.google.com/maps/place/data=!3m1!4b1!4m6!3m5!1s0x3b0805f9ace74939:0x96a3d5d1f7f6b41b!8m2!3d10.1539534!4d76.354433!16s%2Fg%2F11bttc5_1x?entry=ttu,,,,,,,,,,,
,,,,,,,,"Hywel ReadyMix Concrete | Kottayam,Pathanamthitta & Alleppey ( ഹൈവെൽ റെഡി മിക്സ് കോൺക്രീറ്റ് )",,"Thiruvalla, Kerala 689581","Industrial Development Plot , Thottappadi Road, Kunnamthanam",,3.9,https://lh5.googleusercontent.com/p/AF1QipOWidIf5FZoE7LCWydp9_MqZEdnk0B44qMQW6kC,,,https://www.google.com/maps/place/data=!3m1!4b1!4m6!3m5!1s0x3b06251055555555:0x61a5868d5ce52c55!8m2!3d9.4356814!4d76.5999292!16s%2Fg%2F1232g4wsz?entry=ttu,,,,,,,,,,,
,,,,,,,,"ABR Cements - Chettinad Cement Agency in Kollengode, Kerala",,"Alathur, Kollengode Anamari Rd",Thripalur,https://www.chettinadcement.com/,5,https://lh5.googleusercontent.com/p/AF1QipNJwJW2v9hAk7h3NX5vhs87jomCGJ5PAMEDZCsc,,,https://www.google.com/maps/place/data=!3m1!4b1!4m6!3m5!1s0x3ba813bd4654d535:0x2847f77b4a352f57!8m2!3d10.6155852!4d76.7150067!16s%2Fg%2F11y5y_np4x?entry=ttu,,,,,,,,,,,
,,,,,,,,COCHIN CEMENT WORKS,,CHEGOTPOYIL(CHEBAKKUNU PARANOOR,9VC3+QQ3,,5,,,,https://www.google.com/maps/place/data=!3m1!4b1!4m6!3m5!1s0x3ba667a30873a247:0x88e54e80a47ee929!8m2!3d11.3718785!4d75.8544215!16s%2Fg%2F11h895cbc_?entry=ttu,,,,,,,,,,,
,,,,,,,,"Thuruthel Agencies - Chettinad Cement Agency in Kayamkulam, Kerala",,Signal,Railway Bypass,https://www.chettinadcement.com/,5,,,,https://www.google.com/maps/place/data=!3m1!4b1!4m6!3m5!1s0x3b062751c216c0db:0x2f853bfa28351718!8m2!3d9.4439539!4d76.5200104!16s%2Fg%2F11y5y_x_x0?entry=ttu,,,,,,,,,,,
,,,,,,,,VISHAKOM CEMENT BRICKS,,Palappilli Rd,79PG+9F4,,5,,,,https://www.google.com/maps/place/data=!3m1!4b1!4m6!3m5!1s0x3b08010008316c93:0x32091db43380b365!8m2!3d10.2853293!4d76.3757435!16s%2Fg%2F11ygdzkbyz?entry=ttu,,,,,,,,,,,
,,,,,,,,Daiz & Co.,,"11, Civil Lines Rd, Keerthi Nagar, Madona Nagar, Ayyanthole",G5GQ+W7C,,5,https://lh5.googleusercontent.com/p/AF1QipMAT-mc9ym94PwNwiTRxrM0xSvN2beqAWgLVO5l,,,https://www.google.com/maps/place/data=!3m1!4b1!4m6!3m5!1s0x3ba7ee7041695003:0x5ac2c12e0024a5ad!8m2!3d10.526093!4d76.18822!16s%2Fg%2F11btxd133f?entry=ttu,,,,,,,,,,,
,,,,,,,,VALIYAPARAMBIL CEMENT WORKS,,Kaitharam South,Cheriyappilly Bridge,,4.8,https://lh5.googleusercontent.com/p/AF1QipPFZiXsq8b-a_zivsAwk312nIBan-Ot4h7TPX-Z,,,https://www.google.com/maps/place/data=!3m1!4b1!4m6!3m5!1s0x3b0811cb211c602b:0xb4b0570e6476617b!8m2!3d10.1226007!4d76.243243!16s%2Fg%2F11nmg2bghp?entry=ttu,,,,,,,,,,,
,,,,,,,,Oasis Cement Products & Megha Tiles Annakara 680508,,"near Crematorium, Elavathur",Annakara - Mullassery Rd,,4,,,,https://www.google.com/maps/place/data=!3m1!4b1!4m6!3m5!1s0x3ba7ed22a390e5d7:0x9b1a5951e683349a!8m2!3d10.5505897!4d76.1108484!16s%2Fg%2F11h55nwcj6?entry=ttu,,,,,,,,,,,
,,,,,,,,Best Readymix Concrete,,"Mundur, P.O",Velakkode,http://bestreadymix.com/,4.2,,,,https://www.google.com/maps/place/data=!3m1!4b1!4m6!3m5!1s0x3ba7ebe84628216b:0xb204765ed8ab741a!8m2!3d10.6016825!4d76.1649097!16s%2Fg%2F11cffxlj9?entry=ttu,,,,,,,,,,,
,,,,,,,,Dalmia Cement,,"Sreekandath Rd, Ravipuram, Perumanoor","4a, 4th floor, KG Oxford Business Center",,4.3,,,,https://www.google.com/maps/place/data=!3m1!4b1!4m6!3m5!1s0x3b0873fbc9b25a7f:0x548fc816e5360902!8m2!3d9.9610441!4d76.2874856!16s%2Fg%2F11h1925wmr?entry=ttu,,,,,,,,,,,
,,,,,,,,Kurisingal Cements Pvt Ltd,,"S Moolankuzhi Rd, Mundamveli",W6PX+2JX,,,https://lh5.googleusercontent.com/p/AF1QipNs70rxntjmD8_ozIYPwj_Ec7IEOLE2MwTsj9fM,,,https://www.google.com/maps/place/data=!3m1!4b1!4m6!3m5!1s0x3b086d733f168f27:0x1dc8036f0995d80c!8m2!3d9.9351179!4d76.2491111!16s%2Fg%2F11yh1ln4gy?entry=ttu,,,,,,,,,,,
,,,,,,,,Fawas Associated Agencies - ACC,,SH 1,Ground Floor,https://dealers-nearme.acclimited.com/fawas-associated-agencies-acc-cement-manufacturer-perumbavoor-perumbavoor-267884/Home?utm_source=locator&utm_medium=googleplaces,4.1,,,,https://www.google.com/maps/place/data=!3m1!4b1!4m6!3m5!1s0x3b07e28c120f6cf5:0x30af008b08255025!8m2!3d10.1186744!4d76.4747914!16s%2Fg%2F124yfyrlr?entry=ttu,,,,,,,,,,,
,,,,,,,,Nippon Steels (AAC Block Dealer),,"Gandhi Nagar, Chettupuzha","Near, manampally lane",https://nipponsteels.in/,4.9,,,,https://www.google.com/maps/place/data=!3m1!4b1!4m6!3m5!1s0x3ba7edab874d3165:0x5b07f092b7688bc4!8m2!3d10.5094787!4d76.1708773!16s%2Fg%2F11s592b4v4?entry=ttu,,,,,,,,,,,
,,,,,,,,Vijaya Concrete Cement Pipes,,"Kanjiramattom, Kerala 682315",Poothotta - Kanjiramattam Rd,,4.6,https://lh5.googleusercontent.com/p/AF1QipMMX1ieIYNZSYhFrXHkWBu2oLpTVHLWYJudWo--,,,https://www.google.com/maps/place/data=!3m1!4b1!4m6!3m5!1s0x3b0876e0df1c710f:0x3b155dd52ccd952d!8m2!3d9.8516188!4d76.3893848!16s%2Fg%2F1hm4z7jt9?entry=ttu,,,,,,,,,,,
,,,,,,,,Jemis Enterprises,,"near University Arch, Changampuzha Nagar, South Kalamassery, Kalamassery",Post Office,,4.4,https://lh5.googleusercontent.com/p/AF1QipMRy2vAriR0Oshr_pGjZZ4jtIto06PADtfwHnVO,,,https://www.google.com/maps/place/data=!3m1!4b1!4m6!3m5!1s0x3b080dccd1c67ab9:0x66f144d39357af90!8m2!3d10.0480082!4d76.3172225!16s%2Fg%2F1pzxmpb_9?entry=ttu,,,,,,,,,,,
,,,,,,,,Maria Cements & Agencies,,"SH15, Kochupally, Udayamperoor, Thrippunithura",V9JG+R54,,4.5,,,,https://www.google.com/maps/place/data=!3m1!4b1!4m6!3m5!1s0x3b0876a580d17f85:0x5d6e546c49d6b6c!8m2!3d9.8820023!4d76.3754517!16s%2Fg%2F1hc2rtnv0?entry=ttu,,,,,,,,,,,
,,,,,,,,"JSW CEMENT LTD, THRISSUR",,Akkara Complex,G66C+M8M,http://www.jsw.in/,,https://lh5.googleusercontent.com/p/AF1QipNwmNyTmxt237lLHh4cG98vyAYwHK3DyySaMEEa,,,https://www.google.com/maps/place/data=!3m1!4b1!4m6!3m5!1s0x3ba7efc852e6fa85:0x20089287805c1e25!8m2!3d10.5117023!4d76.2207958!16s%2Fg%2F11gv_dkhvv?entry=ttu,,,,,,,,,,,
,,,,,,,,Karakkattu Cement Industry,,Nadukkara Rd,WFRR+VV3,,,,,,https://www.google.com/maps/place/data=!3m1!4b1!4m6!3m5!1s0x3b07df0057e9da29:0x1180ccf961b8b33e!8m2!3d9.9421442!4d76.4921689!16s%2Fg%2F11xhb9w_hv?entry=ttu,,,,,,,,,,,
,,,,,,,,Vinayaka cement bricks,,Road,Koduvayur,,5,https://lh5.googleusercontent.com/p/AF1QipOuv2GU_bhcP6VAQynLxi28Jm_Q_dwgI7DL5nsi,,,https://www.google.com/maps/place/data=!3m1!4b1!4m6!3m5!1s0x3ba80dfb26d77473:0xeb2f7bb35bcfb5bb!8m2!3d10.6253125!4d76.6205625!16s%2Fg%2F11js2v930l?entry=ttu,,,,,,,,,,,
,,,,,,,,"Syed Traders - Chettinad Cement Agency in Attappallam, Kerala",,"Kumily, Attappallam, Kerala 685509",Vazhayil,https://www.chettinadcement.com/,5,,,,https://www.google.com/maps/place/data=!3m1!4b1!4m6!3m5!1s0x3b06559c1cccf819:0xee85aecb3049cfc5!8m2!3d9.6080372!4d77.1665305!16s%2Fg%2F11w1v73n4s?entry=ttu,,,,,,,,,,,
,,,,,,,,Contour Readymix,,"33/365 B, Padamugal - Palachuvadu Rd, Vennala",P. O,,4.1,,,,https://www.google.com/maps/place/data=!3m1!4b1!4m6!3m5!1s0x3b080d81c7886dc7:0xb07fdd04cda79dba!8m2!3d9.999275!4d76.3300333!16s%2Fg%2F11q372svlm?entry=ttu,,,,,,,,,,,
,,,,,,,,T. J. M. Trading Corporation,,"Ravipuram, Ernakulam South","38/402, Karshaka Rd, S A Rd",,4,,,,https://www.google.com/maps/place/data=!3m1!4b1!4m6!3m5!1s0x3b0872b7b38bff35:0x4cbbc00a47154115!8m2!3d9.9653213!4d76.2923384!16s%2Fg%2F1yh9sqbjp?entry=ttu,,,,,,,,,,,
,,,,,,,,Avon Cement Bricks and Building Materials,,"Thrissur, Anjur, Kerala 680541",Ayyankunnu Mundoor,,4.7,https://lh5.googleusercontent.com/p/AF1QipPidpu76437aTMHwMxeDuFFUvv9lB9Nnrh1JOo4,,,https://www.google.com/maps/place/data=!3m1!4b1!4m6!3m5!1s0x3ba7e90ae0cfbb39:0x7911dab3ee9f3e4a!8m2!3d10.6056704!4d76.1547372!16s%2Fg%2F11ns56zz23?entry=ttu,,,,,,,,,,,
,,,,,,,,Kalappurayil Cement Bricks,,Piramadom - Peruvamuzhi Rd,WGWP+9VH,,4.5,https://lh5.googleusercontent.com/p/AF1QipMoIAYQcDnFh226lzLIuWhjaGHkYSR0m1whmbmh,,,https://www.google.com/maps/place/data=!3m1!4b1!4m6!3m5!1s0x3b07df9e4d8840cf:0xc61445128736b969!8m2!3d9.9459425!4d76.5372473!16s%2Fg%2F11kbbq50ty?entry=ttu,,,,,,,,,,,
,,,,,,,,S M Industries Concrete Pipes,,Edayar,Binanipuram Rd,http://www.smspunpipes.com/,4.3,https://lh5.googleusercontent.com/p/AF1QipN7QqsmdDDrIQgwjigggyaVa_4Zw57yuiLPsZqG,,,https://www.google.com/maps/place/data=!3m1!4b1!4m6!3m5!1s0x3b080e5cf8d15703:0x519d3f470d61eb8e!8m2!3d10.0817987!4d76.3092514!16s%2Fg%2F1tgg8d5l?entry=ttu,,,,,,,,,,,
,,,,,,,,Malabar Bricks & Cement Bricks,,"Aluva, Kerala 683580","Vadakkumbhagom, West Kanjoor",,4.6,,,,https://www.google.com/maps/place/data=!3m1!4b1!4m6!3m5!1s0x3b08095b899dbcdd:0x8162bc33c2f8ccb2!8m2!3d10.145932!4d76.4244916!16s%2Fg%2F11j12fzmzt?entry=ttu,,,,,,,,,,,
,,,,,,,,Sreenarayan Cement Bricks,,chirakkakode - kachithode Rd,"vellanikkara p o,chirakkakode",,5,,,,https://www.google.com/maps/place/data=!3m1!4b1!4m6!3m5!1s0x3ba7e56455022da3:0x7d17f23090bc82b9!8m2!3d10.5610175!4d76.2835337!16s%2Fg%2F11y22v1swk?entry=ttu,,,,,,,,,,,
,,,,,,,,Indian Steel Centre - ACC,,KVK Building,No 2/161B,https://dealers-nearme.acclimited.com/indian-steel-centre-acc-cement-manufacturer-pavaratty-thrissur-259013/Home?utm_source=locator&utm_medium=googleplaces,5,,,,https://www.google.com/maps/place/data=!3m1!4b1!4m6!3m5!1s0x3ba793616385e487:0xf3b6bea56f06f607!8m2!3d10.5684614!4d76.0589533!16s%2Fg%2F11vm7jkqyf?entry=ttu,,,,,,,,,,,
,,,,,,,,Steel Port | King Cements,,North,Builder Bazaar Building Steel Port & King Cements Kottayilkovilakam Rd Chendamangalam,,4.8,,,,https://www.google.com/maps/place/data=!3m1!4b1!4m6!3m5!1s0x3b081104282de1f7:0xbf4b3639664ce61a!8m2!3d10.1703878!4d76.2443087!16s%2Fg%2F11hlk66pyp?entry=ttu,,,,,,,,,,,
,,,,,,,,Totale Global Private Limited,,"No. 3/53, Choornikkara Panchayath",NR Power House,https://www.totaleref.com/,5,,,,https://www.google.com/maps/place/data=!3m1!4b1!4m6!3m5!1s0x3b080f5016cd359d:0x751ee880850fe6ff!8m2!3d10.0946591!4d76.359222!16s%2Fg%2F11lrp7dzwp?entry=ttu,,,,,,,,,,,
,,,,,,,,DEVASSY & COMPANY,,"Ernakulam, Kerala 682301","Kannankulangara, Thrippunithura",http://www.devassyandcompany.com/,4.2,,,,https://www.google.com/maps/place/data=!3m1!4b1!4m6!3m5!1s0x3b08737a132ead43:0xbad826b0eb2a2f08!8m2!3d9.939386!4d76.3530788!16s%2Fg%2F124ychmp9?entry=ttu,,,,,,,,,,,
,,,,,,,,Kavalakat Agencies,,"TB Rd, Sakthan Thampuran Nagar, Veliyannur",KAVALAKAT,http://www.kavalakat.com/,4.5,https://lh5.googleusercontent.com/p/AF1QipM-FTfJhnorLEk0VDgJ03RwtSKAQcMdTHVDlRmT,,,https://www.google.com/maps/place/data=!3m1!4b1!4m6!3m5!1s0x3ba7ee36ef4b256d:0x9af36b6f91bda239!8m2!3d10.514212!4d76.216846!16s%2Fg%2F11bcd_x82m?entry=ttu,,,,,,,,,,,
,,,,,,,,PT Cement Bricks,,"Kollapuzha, Thattakuzha",Thodupuzha,,5,https://lh5.googleusercontent.com/p/AF1QipMb9R4iKi9lJdBzvKCT0Ajt-oCGZ56oTlzN_SOL,,,https://www.google.com/maps/place/data=!3m1!4b1!4m6!3m5!1s0x3b07c712b8716411:0x659a68cce8918bfe!8m2!3d9.8913013!4d76.8070767!16s%2Fg%2F11tgdb57td?entry=ttu,,,,,,,,,,,
,,,,,,,,Beston Interlock Bricks - Mudbricks & Cement bricks,,"Ernakulam, Kerala 683578","Opp Kurupaneyam Chapel, Poickattussery, Chengamanad P.O",,4.7,https://lh5.googleusercontent.com/p/AF1QipNSc8W2TOUEX6FHL9r3WEKKb_QBS-069Vn6Kk7g,,,https://www.google.com/maps/place/data=!3m1!4b1!4m6!3m5!1s0x3b0805135589266b:0xb213d1cde6c8f81f!8m2!3d10.1591403!4d76.3482829!16s%2Fg%2F11j6s1j8j7?entry=ttu,,,,,,,,,,,
,,,,,,,,Arangassery cement products tholur,,India,"Tholur, Parappur, Kerala 680552",,3.8,https://lh5.googleusercontent.com/p/AF1QipMZZTStyP3SaxXQJMZWrcXIS0HSbpzsbs9K_rQ,,,https://www.google.com/maps/place/data=!3m1!4b1!4m6!3m5!1s0x3ba7ede4b49c31e1:0xa38f4107c84672e0!8m2!3d10.5756791!4d76.1256128!16s%2Fg%2F11qnjcps1z?entry=ttu,,,,,,,,,,,
,,,,,,,,K.K.Steel and Cement.,,"Seaport - Airport Rd, Thuthiyoor, Chittethukara",X9X2+C44,,4.8,,,,https://www.google.com/maps/place/data=!3m1!4b1!4m6!3m5!1s0x3b080c97dc084a11:0xc96020053be245eb!8m2!3d9.9985169!4d76.3503264!16s%2Fg%2F1tdj_08f?entry=ttu,,,,,,,,,,,
,,,,,,,,SREE DURGA CEMENT WORKS,,Karayamparambu,"Koduserry, Vattapparambu, P.O",,4.5,,,,https://www.google.com/maps/place/data=!3m1!4b1!4m6!3m5!1s0x3b080696ae906b1d:0x183aa59584f1602f!8m2!3d10.212894!4d76.380601!16s%2Fg%2F1q5bmtl4c?entry=ttu,,,,,,,,,,,
,,,,,,,,"M. M Cement Bricks, Saralipathi",,Saralipathi,JRPV+8MF,,4.7,,,,https://www.google.com/maps/place/data=!3m1!4b1!4m6!3m5!1s0x3ba83fb6be33e167:0xc543454d2d5e876f!8m2!3d10.6358125!4d76.8441719!16s%2Fg%2F11gngg262z?entry=ttu,,,,,,,,,,,
,,,,,,,,Aone cement Bricks( Dalmia),,"Chalakudy, Kerala 680721","Kerala, Near parappuram Bus stop ,Elinjipra",,5,https://lh5.googleusercontent.com/p/AF1QipN7IJNdOSmaBr157szqDfOC_NhRP8G2tDhMPnHi,,,https://www.google.com/maps/place/data=!3m1!4b1!4m6!3m5!1s0x3b08036626ec4b19:0x45205139cbcb56f8!8m2!3d10.3184846!4d76.3573206!16s%2Fg%2F11pkfhcg8z?entry=ttu,,,,,,,,,,,
,,,,,,,,Tharakan Agencies - ACC,,Koonamoochi,No V/349,https://dealers-nearme.acclimited.com/tharakan-agencies-acc-cement-manufacturer-koonamoochi-thrissur-265335/Home?utm_source=locator&utm_medium=googleplaces,4.4,https://lh5.googleusercontent.com/p/AF1QipOMdYQr8yckpDjGhfY9f1u_M_ciogBOHLR991Xs,,,https://www.google.com/maps/place/data=!3m1!4b1!4m6!3m5!1s0x3ba7ebd9ba3bba8b:0x240e5f20b71b7286!8m2!3d10.613931!4d76.086605!16s%2Fg%2F11kk8_mm_z?entry=ttu,,,,,,,,,,,
,,,,,,,,Dalmia Cement,,"1st Block, Nehru Nagar, Kuriachira",G63G+5MM,http://www.dalmiacement.com/,,,,,https://www.google.com/maps/place/data=!3m1!4b1!4m6!3m5!1s0x3ba7efd36e9d1aeb:0xceae25636066f1a0!8m2!3d10.502965!4d76.226675!16s%2Fg%2F11b7rtnp_l?entry=ttu,,,,,,,,,,,
,,,,,,,,new periyar cement products,,"Malayattoor, Kerala 683589",ilithode,,,https://lh5.googleusercontent.com/p/AF1QipPeI06OcXlTthvGO8R9oxzTRBuD72AkO-lFaMni,,,https://www.google.com/maps/place/data=!3m1!4b1!4m6!3m5!1s0x3b07fdcbee4d961d:0x6758be32eb68f81e!8m2!3d10.2009103!4d76.5213817!16s%2Fg%2F11vx9xcdk4?entry=ttu,,,,,,,,,,,
,,,,,,,,Ferow ciment slab wall work,,Amala - Varadiyam Rd,Kundukulam anganavaadi,,,,,,https://www.google.com/maps/place/data=!3m1!4b1!4m6!3m5!1s0x3ba7ed227bc6bc6d:0xd17419b5f8ca47e5!8m2!3d10.5652257!4d76.1604832!16s%2Fg%2F11mdpy23nj?entry=ttu,,,,,,,,,,,
,,,,,,,,ATC TRADING COMPANY,,"Pala, Kerala 686574",KANATTUPARA,,5,,,,https://www.google.com/maps/place/data=!3m1!4b1!4m6!3m5!1s0x3b07cfedcaa2c20d:0x732c3bd062b9e803!8m2!3d9.7299356!4d76.6929858!16s%2Fg%2F11sxzxj5zh?entry=ttu,,,,,,,,,,,
,,,,,,,,BUILDERS HUB,,"Thalikulam, Kerala 680569",Puthenthodu,https://wa.me/c/919072958686,5,,,,https://www.google.com/maps/place/data=!3m1!4b1!4m6!3m5!1s0x3ba7f37e37b07045:0x9adb0cf31a52eb71!8m2!3d10.4314365!4d76.0993619!16s%2Fg%2F11sy_s5kh2?entry=ttu,,,,,,,,,,,
,,,,,,,,periyar cement products,,"Ezhupunna, Kerala 688535",opposite near Moham host,,,https://lh5.googleusercontent.com/p/AF1QipNLjhh36XxCbZuJedbLEVHVbnst2AXapLrWDbus,,,https://www.google.com/maps/place/data=!3m1!4b1!4m6!3m5!1s0x3b08715a61bc6d7f:0x52a58395c1269d4b!8m2!3d9.8121809!4d76.313959!16s%2Fg%2F11vq8h6xgn?entry=ttu,,,,,,,,,,,
,,,,,,,,SN Cement Bricks,,"Peruva, Kerala 686610",Santhipuram - Elanji Rd,,5,,,,https://www.google.com/maps/place/data=!3m1!4b1!4m6!3m5!1s0x3b07d9a51670da51:0x43c86f56724c9896!8m2!3d9.8227807!4d76.5096777!16s%2Fg%2F11yhnchjkx?entry=ttu,,,,,,,,,,,
,,,,,,,,Kaithavalapil Agencies,,"near Vayalar School, Vayalar",P88Q+M3M,,,,,,https://www.google.com/maps/place/data=!3m1!4b1!4m6!3m5!1s0x3b087b8b00000001:0x1c371b0d804a424d!8m2!3d9.7167037!4d76.3376786!16s%2Fg%2F11yh20mc8t?entry=ttu,,,,,,,,,,,
,,,,,,,,"Gaylord Steels And Cements | Tata Tiscon, Ultratech, ACC, Dalmia",,Angamaly South,Kochi - Salem Hwy,http://gaylordsanitaries.com/,4.9,https://lh5.googleusercontent.com/p/AF1QipMUG4XfSavS7GJMFMDBF8QfOd8NAzXxePuSekbB,,,https://www.google.com/maps/place/data=!3m1!4b1!4m6!3m5!1s0x3b08066664be51a9:0xfdbedef8af782a94!8m2!3d10.173402!4d76.3743344!16s%2Fg%2F11bw410m7r?entry=ttu,,,,,,,,,,,
,,,,,,,,SAJCO INDUSTRIES,,"Kurichy, Kerala 686532",KURICHY P.O,http://sajcoindustries.com/,3.9,,,,https://www.google.com/maps/place/data=!3m1!4b1!4m6!3m5!1s0x3b0629c0b8962d91:0xfcb2992a9b925ffc!8m2!3d9.5013993!4d76.523104!16s%2Fg%2F11grpqmzzv?entry=ttu,,,,,,,,,,,
,,,,,,,,ECS| Thekkady trading Company P Ltd,,"JUNCTION, Changanassery - Vazhoor Rd","XI/616A, MYLADY",,4.6,,,,https://www.google.com/maps/place/data=!3m1!4b1!4m6!3m5!1s0x3b0631eb31e5f2a3:0x49a9379a4150f0c8!8m2!3d9.5343594!4d76.6643788!16s%2Fg%2F1hhhvdwwj?entry=ttu,,,,,,,,,,,
,,,,,,,,Solid Land Cement Bricks,,near Sajeev Memorial Club,Nadukuriz,,5,,,,https://www.google.com/maps/place/data=!3m1!4b1!4m6!3m5!1s0x3b0875c293839f45:0x3a03bab96a4aafc0!8m2!3d9.9479267!4d76.4252939!16s%2Fg%2F11kpt5dcjr?entry=ttu,,,,,,,,,,,
,,,,,,,,Enchiparambil Cement Products,,"po, Parampuzha",mosco junction,,,,,,https://www.google.com/maps/place/data=!3m1!4b1!4m6!3m5!1s0x3b062dc9268fcf59:0xb23fb74f1c6a44a8!8m2!3d9.6154996!4d76.5627045!16s%2Fg%2F11m_jl8vyl?entry=ttu,,,,,,,,,,,
,,,,,,,,"Punnolikunnel Cement Bricks, Kanjar",,"Kanjar, Kerala 685590",Thodupuzha - Puliyanmala Rd,,5,,,,https://www.google.com/maps/place/data=!3m1!4b1!4m6!3m5!1s0x3b07c80a37ba5c77:0x596c5758061d843c!8m2!3d9.8178162!4d76.8073541!16s%2Fg%2F11c5_1p5py?entry=ttu,,,,,,,,,,,
,,,,,,,,"MP Traders - Iron and Steel Shop, TMT Steel Shop, TMT Bar Dealers, Cement Shop, Ready Mix Concrete, Steel Doors and Windows",,"Muvattupuzha, Kerala 686673","Randarkara Rd, Randar, Muvattupuzha, Kerala 686673",,4.8,https://lh5.googleusercontent.com/p/AF1QipPQ1dHwvxDZyx-eYjns3mCfHpPzdgtfjcBta7yt,,,https://www.google.com/maps/place/data=!3m1!4b1!4m6!3m5!1s0x3b07e77e86ae5a51:0xd46f4efd4264d76d!8m2!3d9.9890376!4d76.5895755!16s%2Fg%2F11cn9frqfv?entry=ttu,,,,,,,,,,,
,,,,,,,,Murali Cement Bricks,,Neericode,477H+J62,,5,https://lh5.googleusercontent.com/p/AF1QipNdivh0C8vI0lKP3UDDaw1vcB5pQ5QSdU_UsAv6,,,https://www.google.com/maps/place/data=!3m1!4b1!4m6!3m5!1s0x3b080fd0bd15b3b9:0xb0f3ea1e7b823f82!8m2!3d10.1140059!4d76.2780243!16s%2Fg%2F11dym9b1n3?entry=ttu,,,,,,,,,,,
,,,,,,,,"AYYOOB AND SONS - Chettinad Cement Agency in Mulakuzha, Kerala",,po,Areekkara,https://www.chettinadcement.com/,,,,,https://www.google.com/maps/place/data=!3m1!4b1!4m6!3m5!1s0x3b06239761e4e37f:0x6d1bfbda42023aef!8m2!3d9.3069481!4d76.6239326!16s%2Fg%2F11w443snz1?entry=ttu,,,,,,,,,,,
,,,,,,,,Koodabhagathu Cement Blocks ( കൂടഭാഗത്തു സിമന്റ് ബ്ലോക്ക്സ് ),,"Niranam, Kadapra, Kerala 689104",9G2J+W3F,,5,https://lh5.googleusercontent.com/p/AF1QipM-4WfuZc_5tDLTeUrhgdKpPpofmtF_qaHKJH_y,,,https://www.google.com/maps/place/data=!3m1!4b1!4m6!3m5!1s0x3b0621d9321f0ccf:0x25e8c4677e4bdd40!8m2!3d9.3524237!4d76.5306102!16s%2Fg%2F11ksnw00w8?entry=ttu,,,,,,,,,,,
,,,,,,,,PVJ Ferro Cement Tanks,,South Chittoor,Vymelil Rd,,5,,,,https://www.google.com/maps/place/data=!3m1!4b1!4m6!3m5!1s0x3b080d665c6d62c3:0x9915a5d42865b197!8m2!3d10.0356655!4d76.2802968!16s%2Fg%2F11l8k5k2dy?entry=ttu,,,,,,,,,,,
,,,,,,,,Gaylord Steels & Cements - ACC,,"Poonithura, Maradu",No 11/161,https://dealers-nearme.acclimited.com/gaylord-steels-cements-acc-cement-manufacturer-angamaly-ernakulam-267768/Home?utm_source=locator&utm_medium=googleplaces,,https://lh5.googleusercontent.com/p/AF1QipODYXyvd_fPPkKbAxXN_Obhbon6AJ5cUPY5QyW9,,,https://www.google.com/maps/place/data=!3m1!4b1!4m6!3m5!1s0x3b08730cf9b60905:0xd7210d604d0c55fd!8m2!3d9.9492521!4d76.3320665!16s%2Fg%2F11v03kh264?entry=ttu,,,,,,,,,,,
,,,,,,,,PBB TRADERS,,"Puthenchira, Kerala 680682",76MR+9X2,,4.3,,,,https://www.google.com/maps/place/data=!3m1!4b1!4m6!3m5!1s0x3b081da11be1fa7d:0xf8a6d9df97c11cd3!8m2!3d10.2833963!4d76.2423827!16s%2Fg%2F11pwr0ckx7?entry=ttu,,,,,,,,,,,
,,,,,,,,"National Agencies - Chettinad Cement Agency in Kuruppampady, Kerala",,"Kuruppampady, Kerala 683548",Aluva - Munnar Rd,https://www.chettinadcement.com/,,,,,https://www.google.com/maps/place/data=!3m1!4b1!4m6!3m5!1s0x3b07e3a650fdbcc1:0xfd8d6ece5fa57e62!8m2!3d10.1127892!4d76.5114781!16s%2Fg%2F11w427zgb2?entry=ttu,,,,,,,,,,,
,,,,,,,,Cee Pees Agencies,,"Pala, Kerala 686575",12-mile,https://dev-ceepees-rooftiles.pantheonsite.io/,4.8,https://lh5.googleusercontent.com/p/AF1QipMxWSFlKTc8QJC5HAR_DDbWbvkaH-nOH-sLTNC5,,,https://www.google.com/maps/place/data=!3m1!4b1!4m6!3m5!1s0x3b07cdb373eba8f3:0xd11ef6e56d48bcff!8m2!3d9.6994948!4d76.6850272!16s%2Fg%2F11cn9cf4b6?entry=ttu,,,,,,,,,,,
,,,,,,,,Solid Cement Bricks (Deepak Enterprises),,India,"Karumalloor, Aluva, Kerala 683511",,5,https://lh5.googleusercontent.com/p/AF1QipOzRoc7WhEXsx6p2y1k8btvds5Ebxk9ZDdmIj6x,,,https://www.google.com/maps/place/data=!3m1!4b1!4m6!3m5!1s0x3b080fd3d4be77bf:0xc3fa389c7b4df9e9!8m2!3d10.1262763!4d76.2901433!16s%2Fg%2F11wy4rc13n?entry=ttu,,,,,,,,,,,
,,,,,,,,RAMCO MANNAR GODOWN,,Kerala 689623,8G3R+XRX,,,https://lh5.googleusercontent.com/p/AF1QipOVJoDWMJt6SeGGvKQbF7nhwpg7ZUPLXL3zMxAH,,,https://www.google.com/maps/place/data=!3m1!4b1!4m6!3m5!1s0x3b0621f3ec4a3fc3:0x51b1053add550955!8m2!3d9.3049906!4d76.5421224!16s%2Fg%2F11h9rh47f5?entry=ttu,,,,,,,,,,,
,,,,,,,,Aswathy Cement Products,,"Monody road, Kodunga St",Ashan padi,,,,,,https://www.google.com/maps/place/data=!3m1!4b1!4m6!3m5!1s0x3ba7ff003b9f0a0d:0x3707129581141a25!8m2!3d10.3665747!4d76.3966546!16s%2Fg%2F11xf9z49nb?entry=ttu,,,,,,,,,,,
,,,,,,,,K.P.J. Sons,,"East Fort, Kizhakkumpattukara","Near, RC Bishop House Rd",,4.3,,,,https://www.google.com/maps/place/data=!3m1!4b1!4m6!3m5!1s0x3ba7efb3135dd9a5:0x8dc1dbb3dcb16bc9!8m2!3d10.525355!4d76.2265709!16s%2Fg%2F11btwr8fvq?entry=ttu,,,,,,,,,,,
,,,,,,,,Daksha cement works,,"Cherthala, Kerala 688531",Thanky jn ...near federal bank thanky,,,,,,https://www.google.com/maps/place/data=!3m1!4b1!4m6!3m5!1s0x3b087d1cce67ffef:0x8baf95446729d62f!8m2!3d9.706806!4d76.3166042!16s%2Fg%2F11mvtx8n3z?entry=ttu,,,,,,,,,,,
,,,,,,,,TOPAZ MS CEMENT PRODUCTS,,"Ernakulam, Kerala 683565",2C9F+QQ4,,,https://lh5.googleusercontent.com/p/AF1QipMjfQIutYmWvBYhAZAWOcX1e7zVuxo7PCBLmHwn,,,https://www.google.com/maps/place/data=!3m1!4b1!4m6!3m5!1s0x3b080b6f5f525d11:0xc7ddf692b43fa2fe!8m2!3d10.0193779!4d76.4244616!16s%2Fg%2F11p16m3862?entry=ttu,,,,,,,,,,,
,,,,,,,,Aswathy Pipes,,"PO, Aroor gram panchayat","V7MX+FHC, Development Area",http://www.aswathypipes.com/,4.7,https://lh5.googleusercontent.com/p/AF1QipOlHO6Qtx3TqnCtFW3JghjmmpWDhqhg9sjs96rS,,,https://www.google.com/maps/place/data=!3m1!4b1!4m6!3m5!1s0x3b08718bc944f575:0x669a2d2363a47718!8m2!3d9.8837329!4d76.2987931!16s%2Fg%2F11gfhd183h?entry=ttu,,,,,,,,,,,
,,,,,,,,"Keekkattil Agencies - Chettinad Cement Agency in Chengannur, Kerala",,"Pathanamthitta, Chengannur, Kerala 689645","Vazharmangalam, Kallissery",https://www.chettinadcement.com/,,https://lh5.googleusercontent.com/p/AF1QipPD24FC4-T1bY-72x87xYWzGPndcJugyNhpJfIN,,,https://www.google.com/maps/place/data=!3m1!4b1!4m6!3m5!1s0x3b0623fc5e3f048b:0x2a9e858ec7d6eb8c!8m2!3d9.3344684!4d76.6180916!16s%2Fg%2F11y5rqkjy6?entry=ttu,,,,,,,,,,,
,,,,,,,,Henco Interlocks & Cement Products,,near Elavallykkavu Temple,North,,5,,,,https://www.google.com/maps/place/data=!3m1!4b1!4m6!3m5!1s0x3ba795637d40c5db:0xba924b9ac7ce23a0!8m2!3d10.5797703!4d76.0853896!16s%2Fg%2F11qnq_pl4t?entry=ttu,,,,,,,,,,,
,,,,,,,,ANSON CEMENT BRICKS,,"Murinjakal, Kerala 689693",5VF5+X68,,1,,,,https://www.google.com/maps/place/data=!3m1!4b1!4m6!3m5!1s0x3b066d393668abcf:0x9f75a51b6b89833a!8m2!3d9.1749026!4d76.8580712!16s%2Fg%2F11pklklwh9?entry=ttu,,,,,,,,,,,
,,,,,,,,United Cement Bricks & Tiles,,"Mundoor Industrial Area, Mundur",H5R3+JWC,,,,,,https://www.google.com/maps/place/data=!3m1!4b1!4m6!3m5!1s0x3ba7eb8d518aac09:0xafb06ab8cd840b5!8m2!3d10.5915524!4d76.1547703!16s%2Fg%2F11xrlrwh4d?entry=ttu,,,,,,,,,,,
,,,,,,,,"CEMENT HOUSE - Chettinad Cement Agency in Nedumkandam, Kerala",,"Nedumkandam, Kerala 685553",near St Sebastian Church,https://www.chettinadcement.com/,,,,,https://www.google.com/maps/place/data=!3m1!4b1!4m6!3m5!1s0x3b07a73b5acce3dd:0xaa88ec05393e2445!8m2!3d9.8362609!4d77.1571443!16s%2Fg%2F11w428s107?entry=ttu,,,,,,,,,,,
,,,,,,,,Sidharthan K R - ACC,,"NH 66, Nattika",Ground Floor,https://dealers-nearme.acclimited.com/sidharthan-k-r-acc-cement-manufacturer-thalikulam-thrissur-259026/Home?utm_source=locator&utm_medium=googleplaces,,https://lh5.googleusercontent.com/p/AF1QipMWlbTYXST5RDL1KFRHC-UNQ598mfLcb06W4pmu,,,https://www.google.com/maps/place/data=!3m1!4b1!4m6!3m5!1s0x3ba7f3cd5112b8e1:0x10f424066c3c7988!8m2!3d10.4374943!4d76.0966689!16s%2Fg%2F11ssd6c66d?entry=ttu,,,,,,,,,,,
,,,,,,,,Pozzo Materials,,"41 304A, Industrial Estate, South Kalamassery, Kalamassery",Development Plot,http://pozzomaterials.com/,,,,,https://www.google.com/maps/place/data=!3m1!4b1!4m6!3m5!1s0x3b080c2855555555:0xae09c3fb0577ad67!8m2!3d10.0499685!4d76.3090881!16s%2Fg%2F11st85y1wg?entry=ttu,,,,,,,,,,,
,,,,,,,,POTTERS FERRO-CEMENT TANKS,,"Chalikkavattom, Vyttila","47/1817-B, Kuzhuveli Temple Rd",http://www.pottersindustries.in/,5,,,,https://www.google.com/maps/place/data=!3m1!4b1!4m6!3m5!1s0x3b080d0a7795f6a7:0x935574745a99fac9!8m2!3d9.9801111!4d76.325886!16s%2Fg%2F11ngjqz81_?entry=ttu,,,,,,,,,,,
,,,,,,,,Sreeguruvayurppan Cement Productions,,Chavakkad - Kanjani Rd,MULLASEREY,,,,,,https://www.google.com/maps/place/data=!3m1!4b1!4m6!3m5!1s0x3ba7933044dcc56b:0x6dc1d1e7dd9912e9!8m2!3d10.5379158!4d76.0838889!16s%2Fg%2F11smhlrcns?entry=ttu,,,,,,,,,,,
,,,,,,,,M Bricks,,"Vettikavungal, Panayampala",opposite Shiva Temple,http://mbricks.in/,4.7,https://lh5.googleusercontent.com/p/AF1QipM6XC2fQlyzWInvXaxdLBc6JDOyBrjZcuq9LVVn,,,https://www.google.com/maps/place/data=!3m1!4b1!4m6!3m5!1s0x3b062fdaaaaaaaab:0xa0c1d9eeb39e7694!8m2!3d9.4965522!4d76.6424789!16s%2Fg%2F11s7zn_k1p?entry=ttu,,,,,,,,,,,
,,,,,,,,R.S.STORES & HARDWARES - Best cement & steel dealers in Thodupuzha,,Vengalloor,R.S.TOWER,,3.6,,,,https://www.google.com/maps/place/data=!3m1!4b1!4m6!3m5!1s0x3b07c3d6f2301847:0x4dc7cd14d71d1883!8m2!3d9.9078302!4d76.7058342!16s%2Fg%2F11ssd66d08?entry=ttu,,,,,,,,,,,
,,,,,,,,"Skyline Concrete Door And Window Frames and Brick , Ferro Slab",,near ganapathical shiva temple,2GPP+8J7,,5,,,,https://www.google.com/maps/place/data=!3m1!4b1!4m6!3m5!1s0x3b07e13c548f48e9:0x2580c684ab14efc0!8m2!3d10.0357865!4d76.5365499!16s%2Fg%2F11dx943g9s?entry=ttu,,,,,,,,,,,
,,,,,,,,Diamond Cement,,"Kanjikode, Kerala 678621","Road No. A9, NIDA",http://www.diamondcements.com/,4.5,,,,https://www.google.com/maps/place/data=!3m1!4b1!4m6!3m5!1s0x3ba86bd61a203d41:0xeedabe65cdcf49e4!8m2!3d10.783739!4d76.7726185!16s%2Fg%2F11cjklckmx?entry=ttu,,,,,,,,,,,
,,,,,,,,"AKKADAYIL HARDWARES & SANITARIES - Chettinad Cement Agency in Adivad, Kerala",,Pothanicad - Kothamangalam Rd,Canara Bank,https://www.chettinadcement.com/,,,,,https://www.google.com/maps/place/data=!3m1!4b1!4m6!3m5!1s0x3b07e9c00ecdc909:0x72a08d735a31ad3f!8m2!3d10.0203828!4d76.663539!16s%2Fg%2F11y627jq69?entry=ttu,,,,,,,,,,,
,,,,,,,,Best Readymix Concrete,,"Angamaly, Kerala 683572","BEST READYMIX CONCRETES, SY NO.240/2-2, 240/2 PULIYANAM P O, PARAKKADAVU",http://www.bestreadymix.com/,3.6,,,,https://www.google.com/maps/place/data=!3m1!4b1!4m6!3m5!1s0x3b0805062ddd4671:0xc48fee6018cb00fc!8m2!3d10.2156457!4d76.3614578!16s%2Fg%2F11tnfnbpzm?entry=ttu,,,,,,,,,,,
,,,,,,,,Cheereth Metals,,Puthenkurish,"PO, Puthencruz Church Road",https://www.asianpaints.com/store-locator.html?utm_source=locator&utm_medium=googleplaces,4.7,,,,https://www.google.com/maps/place/data=!3m1!4b1!4m6!3m5!1s0x3b0875308ae3a31f:0x64e4e9576d513e6a!8m2!3d9.9695423!4d76.4246267!16s%2Fg%2F124yfq125?entry=ttu,,,,,,,,,,,
,,,,,,,,Universal Steel Centre - ACC,,Vadakara,Door No Vp 10/974,https://dealers-nearme.acclimited.com/universal-steel-centre-acc-cement-manufacturer-vadakara-palakkad-267973/Home?utm_source=locator&utm_medium=googleplaces,,https://lh5.googleusercontent.com/p/AF1QipPJzn29eAllzs49oxjAQpOCPyNJCsumbAhJ_tS-,,,https://www.google.com/maps/place/data=!3m1!4b1!4m6!3m5!1s0x3ba80961c39ff3e1:0x967ef1825079cb5c!8m2!3d10.5931783!4d76.4859318!16s%2Fg%2F11stvdb2lr?entry=ttu,,,,,,,,,,,
,,,,,,,,Saint Antony's Tiles Kerala,,Annalloor,Building No. VII/ 30,http://www.sainyantonystiles.com/,3.8,,,,https://www.google.com/maps/place/data=!3m1!4b1!4m6!3m5!1s0x3b0802e6a834f2bf:0xf221d48e5f88174f!8m2!3d10.2862804!4d76.2999686!16s%2Fg%2F11bw1zj7qx?entry=ttu,,,,,,,,,,,
,,,,,,,,JK BRICKS AND TILES INDUSTRY,,India,"Pramadam, Pathanamthitta, Kerala 689646",,3.7,,,,https://www.google.com/maps/place/data=!3m1!4b1!4m6!3m5!1s0x3b061593620a0a23:0x62f863fb5825d1fe!8m2!3d9.2513125!4d76.7930625!16s%2Fg%2F11fkt7pstc?entry=ttu,,,,,,,,,,,
,,,,,,,,Sony Thomas - ACC,,Panakkal,Ground Floor,https://dealers-nearme.acclimited.com/sony-thomas-acc-cement-manufacturer-panakkal-guruvayur-267777/Home?utm_source=locator&utm_medium=googleplaces,,https://lh5.googleusercontent.com/p/AF1QipP3cOkXIjjXQX5OqJnljhon-6BnKYTkb_phWzKK,,,https://www.google.com/maps/place/data=!3m1!4b1!4m6!3m5!1s0x3ba7950db60dade3:0x8a77745e2df0475!8m2!3d10.618022!4d76.028572!16s%2Fg%2F11v03kd_12?entry=ttu,,,,,,,,,,,
,,,,,,,,St George Trades | Cement Dealers | Steel Dealers | Structural and Roofing Dealers | RMC Dealers,,Cheppumpara,St George Trades,https://stgeorgestores.com/,5,,,,https://www.google.com/maps/place/data=!3m1!4b1!4m6!3m5!1s0x3b06342f34fc75e9:0xeaf3bcc0e2ebfb43!8m2!3d9.5625747!4d76.7699321!16s%2Fg%2F11cn6kks_g?entry=ttu,,,,,,,,,,,
,,,,,,,,Twobro Industries (Cement Bricks Manufactures),,near old BTC college,Temple - Mangalathuthazham Rd,,,,,,https://www.google.com/maps/place/data=!3m1!4b1!4m6!3m5!1s0x3b07db999ab2a7d3:0x1ecb2f55c0ec13dc!8m2!3d9.8535919!4d76.603178!16s%2Fg%2F11nfqk5t71?entry=ttu,,,,,,,,,,,
,,,,,,,,Hella Infra Market Limited (Infra.Market) - Kochi,,"Cheranalllur Rd, Bypass Junction, Ponekkara, Edappally","2nd Floor, Manjooran Estate",https://infra.market/?utm_source=Google&utm_medium=GMB,5,,,,https://www.google.com/maps/place/data=!3m1!4b1!4m6!3m5!1s0x3b080d6e5ea5f111:0xa4cdaf28a916083e!8m2!3d10.024641!4d76.306804!16s%2Fg%2F11qmc7p_p7?entry=ttu,,,,,,,,,,,
,,,,,,,,Ani & Company,,India,"Pathanamthitta, Kerala 689645",https://www.aniandco.in/,3.5,,,,https://www.google.com/maps/place/data=!3m1!4b1!4m6!3m5!1s0x3b06159cef6a5133:0xcba7739fd904827b!8m2!3d9.2648439!4d76.7786542!16s%2Fg%2F11q1v4nkvd?entry=ttu,,,,,,,,,,,
,,,,,,,,St Antony’s Cement Bricks,,behind New Rajasthan Marbles,State Highway 15,,,,,,https://www.google.com/maps/place/data=!3m1!4b1!4m6!3m5!1s0x3b07d56ff06b4e9d:0x5de883ddcd0e326d!8m2!3d9.704987!4d76.5400572!16s%2Fg%2F11wx28mllq?entry=ttu,,,,,,,,,,,
,,,,,,,,Victory Industries,,Near,Kodimatha Bridge,https://victoryseptictank.com/,2.8,,,,https://www.google.com/maps/place/data=!3m1!4b1!4m6!3m5!1s0x3b062bbb8a496197:0xdbaf646236946491!8m2!3d9.5759943!4d76.5199891!16s%2Fg%2F11f5jpmvdr?entry=ttu,,,,,,,,,,,
,,,,,,,,Kattappana Service Co-Op Bank Ltd - ACC,,"T B, Road",Ground Floor,https://dealers-nearme.acclimited.com/kattappana-service-co-op-bank-ltd-acc-cement-manufacturer-t-b-road-kozhikode-267774/Home?utm_source=locator&utm_medium=googleplaces,,https://lh5.googleusercontent.com/p/AF1QipP-ovfhBsaCILal0Jv4yyu6b8QPoPsBXu7MA2fz,,,https://www.google.com/maps/place/data=!3m1!4b1!4m6!3m5!1s0x3b07a936ce99caf5:0x2b883dbd732e3fae!8m2!3d9.7516201!4d77.1160913!16s%2Fg%2F11kpl09cq3?entry=ttu,,,,,,,,,,,
,,,,,,,,V.K Blocks,"Bhartheeya Bus Stop, vettuveni","Junction, Salem - Kochi Hwy",,,5,,,,https://www.google.com/maps/place/data=!3m1!4b1!4m6!3m5!1s0x3b061fe840016ba7:0xf9bb4c2fa556740a!8m2!3d9.2670847!4d76.458944!16s%2Fg%2F11h7fmff7f?entry=ttu,,,,,,,,,,,
,,,,,,,,St. Joseph hollo bricks,F788+GCX,"Mannavu, Marathakkara",,,5,,,,https://www.google.com/maps/place/data=!3m1!4b1!4m6!3m5!1s0x3ba7f1b5ccda5951:0xe3867be034ee6037!8m2!3d10.466364!4d76.2661234!16s%2Fg%2F11rsb2z0y4?entry=ttu,,,,,,,,,,,
,,,,,,,,RUGMA CEMENT BRICKS INDUSTRIES,94HC+2RC,NH 66,,,5,,,,https://www.google.com/maps/place/data=!3m1!4b1!4m6!3m5!1s0x3ba7f5880071462d:0x4dbcb1e51e02ae24!8m2!3d10.3775626!4d76.1220279!16s%2Fg%2F11qnbmqh2f?entry=ttu,,,,,,,,,,,
,,,,,,,,"Velayudha, Velur",J5R5+4HV,"Velur, Kerala 680601",,,3,,,,https://www.google.com/maps/place/data=!3m1!4b1!4m6!3m5!1s0x3ba7eb001099d0b5:0x1318bb1add5701d4!8m2!3d10.6403617!4d76.1589262!16s%2Fg%2F11lchbxkqt?entry=ttu,,,,,,,,,,,
,,,,,,,,ST: GEORGE Cement Products,F9G3+5VP,"Marottichal, Kerala 680014",#ERROR!,,,,,,https://www.google.com/maps/place/data=!3m1!4b1!4m6!3m5!1s0x3ba7fbfcb696268f:0x75e9bee24f97f715!8m2!3d10.4754512!4d76.3546932!16s%2Fg%2F11qpxlsdgl?entry=ttu,,,,,,,,,,,
,,,,,,,,Kaitharan Trader,"Poyya, Puthenvelikara, Kerala 683594",India,#ERROR!,https://www.chettinadcement.com/,4.5,,,,https://www.google.com/maps/place/data=!3m1!4b1!4m6!3m5!1s0x3b081b4bce489855:0x37a04a6c1cd91fa3!8m2!3d10.185228!4d76.2537052!16s%2Fg%2F11w46nd56h?entry=ttu,,,,,,,,,,,
,,,,,,,,Hi Tech Cement Bricks,"Karimannoor, Neyyassery, Kerala 685581",India,#ERROR!,,5,https://lh5.googleusercontent.com/p/AF1QipNMak7Wu5bcmtCQVzoh9nyXKLMMF-9N-Nu1gf8r,,,https://www.google.com/maps/place/data=!3m1!4b1!4m6!3m5!1s0x3b07c12e4110a483:0xb4895fd3c5e24d94!8m2!3d9.9217409!4d76.7854744!16s%2Fg%2F11pqpp9cgl?entry=ttu,,,,,,,,,,,
,,,,,,,,Alby Cement Works,569F+RW2,Bharanimukku,,,,,,,https://www.google.com/maps/place/data=!3m1!4b1!4m6!3m5!1s0x3b081b00108e7b7f:0xe59e5c6003c8476a!8m2!3d10.1695166!4d76.2247731!16s%2Fg%2F11y84hl_s4?entry=ttu,,,,,,,,,,,
,,,,,,,,Kadackal cement works,Kadackal house,Angadi p.o,,,,https://lh5.googleusercontent.com/p/AF1QipNEiekysAfvTwx-dq03PkGL1gxyLB-cfG49qOOT,,,https://www.google.com/maps/place/data=!3m1!4b1!4m6!3m5!1s0x3b0639002d56bc57:0x4bd796f9bfcf2817!8m2!3d9.3849008!4d76.7808744!16s%2Fg%2F11y9rj5qvr?entry=ttu,,,,,,,,,,,
,,,,,,,,"EDASSERIL HARDWARE - Chettinad Cement Agency in Koottar, Kerala",P.O,"Koottar, Kerala 685552",,https://www.chettinadcement.com/,,,,,https://www.google.com/maps/place/data=!3m1!4b1!4m6!3m5!1s0x3b0707f696611fd9:0xae92fe2ba27b976!8m2!3d9.7781344!4d77.2088987!16s%2Fg%2F11w1pwtk_2?entry=ttu,,,,,,,,,,,
,,,,,,,,Masto Cement Bricks,5JFM+2XR,"Nooranad, Kerala 690504",,,,,,,https://www.google.com/maps/place/data=!3m1!4b1!4m6!3m5!1s0x3b061b00562937e9:0x2b704817912e519d!8m2!3d9.1726083!4d76.6349026!16s%2Fg%2F11x15bb_rh?entry=ttu,,,,,,,,,,,
,,,,,,,,image,name,address_1,address_2,phone_number,website,reviews_count,image_source,place_url,,,,,,,,,,,,
,,,,,,,,,"Chikku Traders , NO.1 TATA Tiscon Dealer ,TATA Steel, Vizag TMT Dealer, Kalliyath TMT, DSRM TMT, Tusker TMT",Aramada P.O,"Jai Nagar, Kunnapuzha",#ERROR!,,19,https://lh5.googleusercontent.com/p/AF1QipPEG_6NwpXa6p3xcXsm2G9Fo-9_PTUwwTCAsn3q,https://www.google.com/maps/place/data=!3m1!4b1!4m6!3m5!1s0x3b05ba651e937ae7:0xadc952d5482593c5!8m2!3d8.4923882!4d76.9969022!16s%2Fg%2F11c0xnt83z?entry=ttu,,,,,,,,,,,,
,,,,,,,,,KENZA TMT Steel Bars (Corporate Office),"Near Kallai Railway Station, Kallai","Kozhikode, Kerala 673003",,http://www.kenzatmt.com/,53,https://lh5.googleusercontent.com/p/AF1QipM7ac_KYNjbB5-WZp-JheRgXenBPnTGgXhImkqe,https://www.google.com/maps/place/data=!3m1!4b1!4m6!3m5!1s0x3ba659722cdc5a05:0x43a53cff7879d56b!8m2!3d11.2315394!4d75.7899247!16s%2Fg%2F11c5r0sk94?entry=ttu,,,,,,,,,,,,
,,,,,,,,,Jaihind Steel Private Limited,Service Rd,Vyttila,#ERROR!,https://jaihindgroup.in/,32,,https://www.google.com/maps/place/data=!3m1!4b1!4m6!3m5!1s0x3b0873278d5fb4d5:0x68aa00ad1fd7c86a!8m2!3d9.9624549!4d76.3182027!16s%2Fg%2F1ptwyykfl?entry=ttu,,,,,,,,,,,,
,,,,,,,,,"GALAXY TRADERS PAVUMBA, Authorised Dealer of Malabar Cement & TMT Steel Bars Pavumba",Vavvakkavu - Pavumba - Anayadi,"Pavumba, Kerala 690574",,,11,,https://www.google.com/maps/place/data=!3m1!4b1!4m6!3m5!1s0x3b061b6ca11f95ef:0xd1d795cbcabbb3e9!8m2!3d9.1184178!4d76.6004881!16s%2Fg%2F11fnqwxj_x?entry=ttu,,,,,,,,,,,,
,,,,,,,,,Kalliyath TMT,"647, New industrial Dev area,",Kanjikode - Menonpara Rd,,http://kalliyathindia.com/,56,,https://www.google.com/maps/place/data=!3m1!4b1!4m6!3m5!1s0x3ba8697c35b2f443:0x7a793a4fbd590049!8m2!3d10.7884262!4d76.7729804!16s%2Fg%2F11bxg1633y?entry=ttu,,,,,,,,,,,,
,,,,,,,,,Minar Steels,QPQC+R65,near precot mill,#ERROR!,,46,https://lh5.googleusercontent.com/p/AF1QipPs3IOLMbmgJwMVmExkDWw9o_PHhZ2FAWv3mIHp,https://www.google.com/maps/place/data=!3m1!4b1!4m6!3m5!1s0x3ba86ea5bd8eafe5:0xefae1abc98583650!8m2!3d10.7895165!4d76.7205978!16s%2Fg%2F11c2mcq12d?entry=ttu,,,,,,,,,,,,
,,,,,,,,,Ashick Enterprises- Cement dealer Ernakulam,Amrutha fuel,NH17,#ERROR!,,72,,https://www.google.com/maps/place/data=!3m1!4b1!4m6!3m5!1s0x3b080db1a6088565:0x9fc2822538686588!8m2!3d10.04968!4d76.2939096!16s%2Fg%2F11cs5m9j7j?entry=ttu,,,,,,,,,,,,
,,,,,,,,,KAIRALI TMT STEEL BARS,134/A Nida,"Kanjikode, Kerala 678621",#ERROR!,https://kairalitmt.com/,125,,https://www.google.com/maps/place/data=!3m1!4b1!4m6!3m5!1s0x3ba8697082ac538d:0x57806ff0c44daaa9!8m2!3d10.7954187!4d76.7719018!16s%2Fg%2F11bw5_bsk5?entry=ttu,,,,,,,,,,,,
,,,,,,,,,Vitson Steel Corp Pvt. Ltd,X892+J58,"Temple Road, Kadavanthra Junction, Giri Nagar, Kadavanthra",#ERROR!,https://vitsonsteelcorp.in/,251,https://lh5.googleusercontent.com/p/AF1QipMVLrNtQHBx6dgsmJ5aVQ7akLraMnk945ilGqPn,https://www.google.com/maps/place/data=!3m1!4b1!4m6!3m5!1s0x3b0872cc06a9778f:0x2c8964dae7e79572!8m2!3d9.9690317!4d76.3004437!16s%2Fg%2F11bbw_mw_h?entry=ttu,,,,,,,,,,,,
,,,,,,,,,MOHAN AGENCY TATA TISCON VIZAG TMT DEALER KALLIYATH TMT STEEL BAR CEMENT DEALER,kollasserimukku,Thevalakkara Vettamukku Rd,#ERROR!,,24,https://lh5.googleusercontent.com/p/AF1QipNiC4kfVa--JTOeBcT7G7mI_hh53agVr4083qHu,https://www.google.com/maps/place/data=!3m1!4b1!4m6!3m5!1s0x3b060153533094d1:0xf20f710afd13000!8m2!3d9.0221515!4d76.548683!16s%2Fg%2F1hc1yl3ml?entry=ttu,,,,,,,,,,,,
,,,,,,,,,Premier Steels,Thammanam - Pullepady Rd,"Kathrikadavu, Kaloor",#ERROR!,https://www.thepremiersteels.com/,63,https://lh5.googleusercontent.com/p/AF1QipNEDQBZBZIMtly-sgPOmT1ykpSOPwi6PrsN1YIO,https://www.google.com/maps/place/data=!3m1!4b1!4m6!3m5!1s0x3b080d48f57a27df:0xbd8601238c88e7ce!8m2!3d9.9830931!4d76.2913182!16s%2Fg%2F11c0vxbwyb?entry=ttu,,,,,,,,,,,,
,,,,,,,,,Kairali TMT Steels and Alloys Private Limited,"23/1779, Panniyankara Main Rd","Fish Market, Panniyankara",#ERROR!,https://www.kairalitmt.com/,53,https://lh5.googleusercontent.com/p/AF1QipNnC1fckMX9PSqIRW6ImXbT6Dzw2WWfI_aNwZFr,https://www.google.com/maps/place/data=!3m1!4b1!4m6!3m5!1s0x3ba6599d86c71db9:0x635edc9ff97fd757!8m2!3d11.218823!4d75.7939254!16s%2Fg%2F11clwnq5hx?entry=ttu,,,,,,,,,,,,
,,,,,,,,,Bharathi TMT,Kalliyath Building,beside Westleys Resto Cafe,#ERROR!,http://www.bharathitmt.com/,31,https://lh5.googleusercontent.com/p/AF1QipNSQCCPePwHgY_5ymt-5ysKJIqgqEGY_WwxPF4E,https://www.google.com/maps/place/data=!3m1!4b1!4m6!3m5!1s0x3b080de0593aff6f:0xdd9c04fd2e601ca3!8m2!3d10.011499!4d76.3032298!16s%2Fg%2F11fmf1j3qq?entry=ttu,,,,,,,,,,,,
,,,,,,,,,Kalliyath TMT | Best TMT Steel Bars in Kerala,"34/1864, Kalliyath Building",Mamangalam,#ERROR!,http://www.kcare.in/,57,,https://www.google.com/maps/place/data=!3m1!4b1!4m6!3m5!1s0x3b080d244d986c07:0x47551278234570a2!8m2!3d10.0115529!4d76.3032558!16s%2Fg%2F11fmbkvt3p?entry=ttu,,,,,,,,,,,,
,,,,,,,,,METCON TMT,IInd Floor Ebenezer Garden Building Edappally High School Junction,"Kochi, Kerala 682024",#ERROR!,https://www.metconindia.com/,1586,https://lh5.googleusercontent.com/p/AF1QipPmWI68VgfJ0Q8dlUOamXI2oLVKA5PD4nctY0sv,https://www.google.com/maps/place/data=!3m1!4b1!4m6!3m5!1s0x3b080d0917682cad:0x50eedc0f357349cb!8m2!3d10.013978!4d76.302157!16s%2Fg%2F11cs3ccv56?entry=ttu,,,,,,,,,,,,
,,,,,,,,,Vel Metals_ gi/ gp tubes and pipes/ roofing sheets/ Ms angles/ TMT steel/ cement .. dealers,"Chottanikkara, Thrippunithura","Ernakulam, Kerala 682312",#ERROR!,,21,,https://www.google.com/maps/place/data=!3m1!4b1!4m6!3m5!1s0x3b08745ef554807d:0x1568692f94c83826!8m2!3d9.9303144!4d76.389592!16s%2Fg%2F11f4109cdr?entry=ttu,,,,,,,,,,,,
,,,,,,,,,KALLIYATH GROUP,Kalliyath Building,Edappally,#ERROR!,http://kalliyathindia.com/,74,,https://www.google.com/maps/place/data=!3m1!4b1!4m6!3m5!1s0x3b080d0f3fffffff:0x111104cde1a18a11!8m2!3d10.0115204!4d76.303242!16s%2Fg%2F11cs5x5msz?entry=ttu,,,,,,,,,,,,
,,,,,,,,,Malabar TMT,"Manjalungal,",Kalladipatta Post,#ERROR!,https://www.malabartmt.com/,23,,https://www.google.com/maps/place/data=!3m1!4b1!4m6!3m5!1s0x3ba7c5b5b2589bbf:0xb57e0a56ee7576c8!8m2!3d10.8069663!4d76.2043563!16s%2Fg%2F12q4q9xvt?entry=ttu,,,,,,,,,,,,
,,,,,,,,,TATA STEEL DISTRIBUTOR - BESTEEL KUMMENCHERY,"No. 111 315A, Refinery Road, Puthiya Road Jn","Irumpanam, Thrippunithura",#ERROR!,http://www.kummencherysteels.com/,84,,https://www.google.com/maps/place/data=!3m1!4b1!4m6!3m5!1s0x3b08735f1557a1b5:0xc9862c9d3aba49a8!8m2!3d9.958881!4d76.3622422!16s%2Fg%2F11cm0k4f49?entry=ttu,,,,,,,,,,,,
,,,,,,,,,Cochin Steel Corporation,Indrani Nagar,Chunnambuthara,#ERROR!,,27,https://lh5.googleusercontent.com/p/AF1QipMmz-ygmlsidClRPWFPmnrCflqSkieQTnQGYgq7,https://www.google.com/maps/place/data=!3m1!4b1!4m6!3m5!1s0x3ba86e03febd2349:0xa36e0a8dce5f0d66!8m2!3d10.7846617!4d76.6468286!16s%2Fg%2F11c2b180z1?entry=ttu,,,,,,,,,,,,
,,,,,,,,,Popular Iron & Steel,"NH Bye Pass, Maradu P.O","Chambakkara - Kannadikadu Rd, near VOLKSWAGEN SHOWROOM, Kannadikadu, Maradu",#ERROR!,,20,https://lh5.googleusercontent.com/p/AF1QipMm2ltToNtgMetIHdDtxCBdhrWqAtkEWBQvTNeD,https://www.google.com/maps/place/data=!3m1!4b1!4m6!3m5!1s0x3b08731e39c5b2a1:0xa77a53273427f30a!8m2!3d9.9492802!4d76.3185764!16s%2Fg%2F1pycyfqqd?entry=ttu,,,,,,,,,,,,
,,,,,,,,,SHRI TRADERS (Dealers in IRON and STEELS),Para Kanjikode Rd,"Kanjikode, Pudussery Central, Kerala 678621",#ERROR!,,23,,https://www.google.com/maps/place/data=!3m1!4b1!4m6!3m5!1s0x3ba8693c5bca2e35:0x9b98ccd5dc9c698f!8m2!3d10.7841076!4d76.744349!16s%2Fg%2F11jj3smyhc?entry=ttu,,,,,,,,,,,,
,,,,,,,,,Popular Iron Traders,Para Road,"Kanjikode, Pudussery Central, Kerala 678623",#ERROR!,,23,,https://www.google.com/maps/place/data=!3m1!4b1!4m6!3m5!1s0x3ba8696fce66a7ab:0x54f5bb73da8d042e!8m2!3d10.7917938!4d76.74795!16s%2Fg%2F11g190w9z4?entry=ttu,,,,,,,,,,,,
,,,,,,,,,Steel & Tube Traders Tata Tiscon Dealer (Mendez Group),FXJ6+H7G,"Killipalam, Karamana",#ERROR!,,10,https://lh5.googleusercontent.com/p/AF1QipMjLJIVq5KcwjeZumquL2XRW0-0SCO-_IadKWc,https://www.google.com/maps/place/data=!3m1!4b1!4m6!3m5!1s0x3b05bb00ec97331f:0xc43dae79af6a474e!8m2!3d8.4814389!4d76.9606933!16s%2Fg%2F1tfpsq1x?entry=ttu,,,,,,,,,,,,
,,,,,,,,,ST MARYS AGENCIES/ MODERN STEELS,next to Thrissur Head Post Office,Sakthan Thampuran Nagar,#ERROR!,,55,,https://www.google.com/maps/place/data=!3m1!4b1!4m6!3m5!1s0x3ba7ee30d7401609:0x2a4c5782af37a054!8m2!3d10.5117194!4d76.2157485!16s%2Fg%2F11bttrq754?entry=ttu,,,,,,,,,,,,
,,,,,,,,,INDIGO TMT,Para Kanjikode Rd,"Kanjikode, Pudussery Central, Kerala 678621",#ERROR!,https://indigotmt.com/,48,,https://www.google.com/maps/place/data=!3m1!4b1!4m6!3m5!1s0x3ba86971f735c6a3:0x7e0731501924a622!8m2!3d10.7871831!4d76.7453471!16s%2Fg%2F11rfrsh5_1?entry=ttu,,,,,,,,,,,,
,,,,,,,,,AM STEELS & CEMENTS,AM Rd,"Ponjassery, Kerala 683556",#ERROR!,,35,,https://www.google.com/maps/place/data=!3m1!4b1!4m6!3m5!1s0x3b0809c22413d30b:0x3db3d41828b339f2!8m2!3d10.0905553!4d76.4392907!16s%2Fg%2F11g9k205nc?entry=ttu,,,,,,,,,,,,
,,,,,,,,,T. T. Steels,"D.No.31/2109 A, Fathima Building","Wayanad Rd, Vellimadukunnu",,,14,,https://www.google.com/maps/place/data=!3m1!4b1!4m6!3m5!1s0x3ba65c17ddb01cf3:0xbd97d3f04d9be0ef!8m2!3d11.2928002!4d75.8200899!16s%2Fg%2F1hm3yly1r?entry=ttu,,,,,,,,,,,,
,,,,,,,,,"Prince TMT Steels Pvt. Ltd, പ്രിൻസ്, ടി എം ടി സ്റ്റീൽസ്, പ്രൈവറ്റ് ലിമിറ്റഡ്","Prince TMT Steels Pvt. Ltd, Kinfra Wise Park, Kanjikode East",Kerala 678621,#ERROR!,https://princetmt.com/,13,https://lh5.googleusercontent.com/p/AF1QipPoHI1P_KSDl3nQ_KnV735DLc-8bcRcgAd2knm9,https://www.google.com/maps/place/data=!3m1!4b1!4m6!3m5!1s0x3ba8697ff500c32f:0x59bc0fab55e6d46b!8m2!3d10.7861307!4d76.7797656!16s%2Fg%2F1pp2x8q14?entry=ttu,,,,,,,,,,,,
,,,,,,,,,Kadakampally Agencies,P O,Kadakampally Agencies Charamangalam Muhamma,#ERROR!,,48,https://lh5.googleusercontent.com/p/AF1QipNcQC9QzfhKSOmUUDHuOStZHH31X6IGtaGeQYBt,https://www.google.com/maps/place/data=!3m1!4b1!4m6!3m5!1s0x3b087d3817f30c37:0xe0c48be34e06aa40!8m2!3d9.635022!4d76.3597262!16s%2Fg%2F11fwxq3nzc?entry=ttu,,,,,,,,,,,,
,,,,,,,,,Nippon Steels (AAC Block Dealer),"Near, manampally lane","Gandhi Nagar, Chettupuzha",#ERROR!,https://nipponsteels.in/,42,https://lh5.googleusercontent.com/p/AF1QipN4QFlmzoXNC1G1hFHbRNXWAnub5CFP7_7hTBib,https://www.google.com/maps/place/data=!3m1!4b1!4m6!3m5!1s0x3ba7edab874d3165:0x5b07f092b7688bc4!8m2!3d10.5094787!4d76.1708773!16s%2Fg%2F11s592b4v4?entry=ttu,,,,,,,,,,,,
,,,,,,,,,SAIL TMT DEALER,Kulavanmukku,"Kuzhalmannam, Kerala 678702",,,11,,https://www.google.com/maps/place/data=!3m1!4b1!4m6!3m5!1s0x3ba87320f53a75b1:0x730bc5ede51d203f!8m2!3d10.7076304!4d76.5935653!16s%2Fg%2F11g72g5wl7?entry=ttu,,,,,,,,,,,,
,,,,,,,,,Paragon Steels,Para Kanjikode Rd,"Kanjikode, Pudussery Central, Kerala 678621",#ERROR!,http://www.paragonsteels.in/,22,https://lh5.googleusercontent.com/p/AF1QipPriQLaJOBDv8A5rEluJxvHkoyIrM-2J12ff_DU,https://www.google.com/maps/place/data=!3m1!4b1!4m6!3m5!1s0x3ba8695a71190feb:0x17929c975a91b1fb!8m2!3d10.7916355!4d76.7475878!16s%2Fg%2F1hhh2yvng?entry=ttu,,,,,,,,,,,,
,,,,,,,,,Vajram TMT,"Door No. 3/551, Maniyeri, Vengodi P.O., Elappully","Kanjikode, Kerala 678622",#ERROR!,http://www.vajramtmt.com/,22,,https://www.google.com/maps/place/data=!3m1!4b1!4m6!3m5!1s0x3ba86b5cdb82ef35:0x8bd25fdd075981bd!8m2!3d10.776984!4d76.7439865!16s%2Fg%2F11h9g4bjxp?entry=ttu,,,,,,,,,,,,
,,,,,,,,,Tulsyan T.M.T,X8H7+2RJ,"Mahakavi Vailoppilli Rd, Ponnurunni, Thammanam",#ERROR!,,16,https://lh5.googleusercontent.com/p/AF1QipOtvkcmLADEPpaOFgwUXbkcfWPtPYZwGU0S5MWx,https://www.google.com/maps/place/data=!3m1!4b1!4m6!3m5!1s0x3b080d2bab2c6237:0x7a1da9c935a07705!8m2!3d9.9775964!4d76.3145023!16s%2Fg%2F1q62cr9zn?entry=ttu,,,,,,,,,,,,
,,,,,,,,,"MP Traders - Iron and Steel Shop, TMT Steel Shop, TMT Bar Dealers, Cement Shop, Ready Mix Concrete, Steel Doors and Windows","Randarkara Rd, Randar, Muvattupuzha, Kerala 686673","Muvattupuzha, Kerala 686673",#ERROR!,,9,,https://www.google.com/maps/place/data=!3m1!4b1!4m6!3m5!1s0x3b07e77e86ae5a51:0xd46f4efd4264d76d!8m2!3d9.9890376!4d76.5895755!16s%2Fg%2F11cn9frqfv?entry=ttu,,,,,,,,,,,,
,,,,,,,,,Nandanam Steels And Sanitaries Gurupuram,Ward-4,"Komalapuram, Aaryad",#ERROR!,,47,https://lh5.googleusercontent.com/p/AF1QipPD7HP86T3xDnkaNWMXrURVdUIuHPV2KfB5IZje,https://www.google.com/maps/place/data=!3m1!4b1!4m6!3m5!1s0x3b08841f47108723:0xe3f6d08fe137bcc6!8m2!3d9.5401227!4d76.3491302!16s%2Fg%2F11b_2d5wfr?entry=ttu,,,,,,,,,,,,
,,,,,,,,,Khadeeja Traders Alapuzha,Valiyamaram/ Stadium Vellakinar,Ward Rd,#ERROR!,,67,,https://www.google.com/maps/place/data=!3m1!4b1!4m6!3m5!1s0x3b0885a43095f18b:0x58f294f2009a0105!8m2!3d9.4862673!4d76.3337875!16s%2Fg%2F11rn9l5xp8?entry=ttu,,,,,,,,,,,,
,,,,,,,,,Thettayil: Dealers of roofing sheets in Thrissur,Athani,"Minalur, Kerala 680581",#ERROR!,https://buildersmartroofing.in/,50,https://lh5.googleusercontent.com/p/AF1QipNM9P7VBN3SxYF8uZ4O12m09jQehcInUf7EWphq,https://www.google.com/maps/place/data=!3m1!4b1!4m6!3m5!1s0x3ba7e90473cc2e09:0xfecb0f79e80c4b00!8m2!3d10.6207851!4d76.2184189!16s%2Fg%2F11b6bk01pz?entry=ttu,,,,,,,,,,,,
,,,,,,,,,Pullathil Steel Agencies,Adichira,"Junction, SH 1",#ERROR!,https://pullathilsteels.com/,9,https://lh5.googleusercontent.com/p/AF1QipPkwKNRhegC0683V2_obt6mlmAb1zTO25ZIWKI,https://www.google.com/maps/place/data=!3m1!4b1!4m6!3m5!1s0x10545b807449fb13:0xd543981e1eca027d!8m2!3d9.6342679!4d76.5435814!16s%2Fg%2F11b7gpj90z?entry=ttu,,,,,,,,,,,,
,,,,,,,,,KERALA STEELS and GLASS,Perumbarambu Road,"Edappal, Kerala 679576",#ERROR!,,25,https://lh5.googleusercontent.com/p/AF1QipNPlai5whOz5U0aOq779h4PjsbHov4xS9A55VxC,https://www.google.com/maps/place/data=!3m1!4b1!4m6!3m5!1s0x3ba7b903c50bbc0d:0x79a065b70831f1a2!8m2!3d10.7871554!4d75.995545!16s%2Fg%2F11hh9hz9h0?entry=ttu,,,,,,,,,,,,
,,,,,,,,,CMR Steel Agency,"Muthoor, Kerala 689107",India,#ERROR!,,104,https://lh5.googleusercontent.com/p/AF1QipOJ8cxbczG1B8owPcxNO7vmNUVySS4ap6840xla,https://www.google.com/maps/place/data=!3m1!4b1!4m6!3m5!1s0x3b06243928ba184b:0x7a54f8d1e6d6adf3!8m2!3d9.4031084!4d76.5687417!16s%2Fg%2F11g6pyj6lm?entry=ttu,,,,,,,,,,,,
,,,,,,,,,Jetty agencies ജെട്ടി ഏജൻസി,P.O,"Kombanamuri Perumbalam Jn. Rd, Thrichattukulam",#ERROR!,http://jettyagencies.net/,40,,https://www.google.com/maps/place/data=!3m1!4b1!4m6!3m5!1s0x3b0871328cba8bdf:0xca7f113eef2b09ef!8m2!3d9.833534!4d76.339639!16s%2Fg%2F11g1gp95wd?entry=ttu,,,,,,,,,,,,
,,,,,,,,,Meachery Steels,Byepass Road Vallanghi,"Nenmara, Kerala 678508",#ERROR!,,148,,https://www.google.com/maps/place/data=!3m1!4b1!4m6!3m5!1s0x3ba80fe0bbc64265:0x5487997daa7a7ddf!8m2!3d10.59713!4d76.6062266!16s%2Fg%2F11lgymypsw?entry=ttu,,,,,,,,,,,,
,,,,,,,,,Metro steel trading,H5J6+H7G,"Peramangalam, Kerala 680545",,,2,,https://www.google.com/maps/place/data=!3m1!4b1!4m6!3m5!1s0x3ba7ebc6479096c9:0x7eb7e4ffb7471ffc!8m2!3d10.5814362!4d76.1607024!16s%2Fg%2F11j7gc6xww?entry=ttu,,,,,,,,,,,,
,,,,,,,,,Vijaya Steels,Near,Kochi- Dhansushkodi Road,#ERROR!,,23,https://lh5.googleusercontent.com/p/AF1QipMQef0Na3l09maUi1CY2CZeNji73ftUZmxEKfi5,https://www.google.com/maps/place/data=!3m1!4b1!4m6!3m5!1s0x3b08730394a96a23:0xc69cd3bb6b216d49!8m2!3d9.9372708!4d76.3191456!16s%2Fg%2F124yl_qyz?entry=ttu,,,,,,,,,,,,
,,,,,,,,,K.K.Steel and Cement.,X9X2+C44,"Seaport - Airport Rd, Thuthiyoor, Chittethukara",#ERROR!,,6,,https://www.google.com/maps/place/data=!3m1!4b1!4m6!3m5!1s0x3b080c97dc084a11:0xc96020053be245eb!8m2!3d9.9985169!4d76.3503264!16s%2Fg%2F1tdj_08f?entry=ttu,,,,,,,,,,,,
,,,,,,,,,Sakthi Steels,Cross Bazar,"Irinjalakuda, Kerala 680121",#ERROR!,,15,https://lh5.googleusercontent.com/p/AF1QipNi54CTZlYtruLDOPHPojycgldIcGeVIwsSW2Do,https://www.google.com/maps/place/data=!3m1!4b1!4m6!3m5!1s0x3ba7f64a890d8b2d:0x429637ff94ec736c!8m2!3d10.3435612!4d76.2220669!16s%2Fg%2F11gglt4qbp?entry=ttu,,,,,,,,,,,,
,,,,,,,,,STEEL HOUSE,"XIV/1, STEEL HOUSE","MC Rd, Mattoor",#ERROR!,,46,https://lh5.googleusercontent.com/p/AF1QipM-xybZ9axnNxQdRyVzglDYWD5PvkQsmU7hBCG_,https://www.google.com/maps/place/data=!3m1!4b1!4m6!3m5!1s0x3b0807e9cd1bf7db:0xc5f669f27024e105!8m2!3d10.168429!4d76.43399!16s%2Fg%2F119x16l5_?entry=ttu,,,,,,,,,,,,
,,,,,,,,,"Sri Sathya Sai Enterprises Tata Tiscon Tmt jsw,Vizag Tmt, sail Hr plate",Pollachi main road,"Kozhinjampara, Kerala 678555",#ERROR!,https://www.justdial.com/Palakkad/Sri-Sathya-Sai-Enterprises-Near-Ruby-Hall-Kozhinjampara/9999PX491-X491-201002172940-V9J9_BZDET,4,,https://www.google.com/maps/place/data=!3m1!4b1!4m6!3m5!1s0x3ba841236b96790f:0x5779b7b5a5d1eb08!8m2!3d10.7355003!4d76.836909!16s%2Fg%2F11q1wqbffd?entry=ttu,,,,,,,,,,,,
,,,,,,,,,EVEREST Fe 550 TMT,Kochi Highway,"nr. Kundannoor Bridge, Kundannoor, Maradu",#ERROR!,http://everesttmt.com/,5,,https://www.google.com/maps/place/data=!3m1!4b1!4m6!3m5!1s0x3b087376de66fe1b:0xc1e2013f06bc6f77!8m2!3d9.9368465!4d76.3097934!16s%2Fg%2F11rhqf254q?entry=ttu,,,,,,,,,,,,
,,,,,,,,,Metal center,N.H. By-pass,"14, Hill Gardens Housing Colony, Kuttanellur",#ERROR!,http://www.metalcenter.co/,35,https://lh5.googleusercontent.com/p/AF1QipOP-kIjEASR2yMx5yK0aqHSeuq_YBwrhMidFjfn,https://www.google.com/maps/place/data=!3m1!4b1!4m6!3m5!1s0x3ba7ef7d2d9e4297:0x59b64784155bf886!8m2!3d10.500065!4d76.2578775!16s%2Fg%2F11j4s130ff?entry=ttu,,,,,,,,,,,,
,,,,,,,,,Gasha Steels Pvt Ltd,Unnamed Road,"Kanjikode, Pudussery Central, Kerala 678621",,https://kalliyathindia.com/,52,,https://www.google.com/maps/place/data=!3m1!4b1!4m6!3m5!1s0x3ba86940c78f5f89:0x2b56d0d9e9bbf670!8m2!3d10.7870734!4d76.7729113!16s%2Fg%2F11fnx2ljjg?entry=ttu,,,,,,,,,,,,
,,,,,,,,,Kunnamkulam Steel Agencies,Opp: Bethany St.Mary's KG School,Guruvayoor road,#ERROR!,,15,,https://www.google.com/maps/place/data=!3m1!4b1!4m6!3m5!1s0x3ba7955fab0c06b9:0x2b602e80001fb0e8!8m2!3d10.6400745!4d76.0619789!16s%2Fg%2F11h6m6nfcl?entry=ttu,,,,,,,,,,,,
,,,,,,,,,Avadhar Steels Kottakkal,XXXX+RX2,"Yahoo Rd, Changuvetty Kundu",#ERROR!,,19,,https://www.google.com/maps/place/data=!3m1!4b1!4m6!3m5!1s0x3ba7b4a4151a70ef:0x96e0a5b7e1324dc2!8m2!3d10.9995062!4d75.9998986!16s%2Fg%2F11c3trghn3?entry=ttu,,,,,,,,,,,,
,,,,,,,,,Tata Tiscon,"5M8M+3VJ, George Varghese & Company","Kayamkulam - Pathanapuram Rd, Pazhakulam",#ERROR!,https://aashiyana.tatasteel.com/,1,,https://www.google.com/maps/place/data=!3m1!4b1!4m6!3m5!1s0x3b061186700513d9:0x470a6373c46655a!8m2!3d9.1652096!4d76.6846449!16s%2Fg%2F11rsdkrg_b?entry=ttu,,,,,,,,,,,,
,,,,,,,,,A.M STEELS,Thrikkalangodu Thiruvali Wandoor Kalikavu Rd,"Vaniyambalam, Kerala 679339",#ERROR!,,3,https://lh5.googleusercontent.com/p/AF1QipOMhmR6bTF4RiesNG7GEWuPzW7E8DMOYIkdMnAm,https://www.google.com/maps/place/data=!3m1!4b1!4m6!3m5!1s0x3ba63145ef2b39c7:0x3f739f8e69db7983!8m2!3d11.1893798!4d76.2653579!16s%2Fg%2F11fdy70x_g?entry=ttu,,,,,,,,,,,,
,,,,,,,,,Prabhu Steels,"953, Temple Road","opposite Thrikkkakara, Thrikkakara, Edappally",#ERROR!,http://www.prabhusteels.com/,267,,https://www.google.com/maps/place/data=!3m1!4b1!4m6!3m5!1s0x3b080c4594b15443:0x936d4eb526d2610e!8m2!3d10.0342641!4d76.3300735!16s%2Fg%2F11csrrt6sd?entry=ttu,,,,,,,,,,,,
,,,,,,,,,"Kerala steels, alathur","JHW5+G8G, Gurukulam junction","Tripallur road, Thrippalur",#ERROR!,,67,,https://www.google.com/maps/place/data=!3m1!4b1!4m6!3m5!1s0x3ba80d5f966cc52f:0xb559b934b8ed5900!8m2!3d10.6462749!4d76.5584328!16s%2Fg%2F11f6ksv7x9?entry=ttu,,,,,,,,,,,,
,,,,,,,,,M Traders,272H+8P3,"Mathai Manjooran Rd, Pachalam",#ERROR!,,9,https://lh5.googleusercontent.com/p/AF1QipOjkkTucLR2gWcH3N9HE6u-p0s-ZRrtgkaJt3RP,https://www.google.com/maps/place/data=!3m1!4b1!4m6!3m5!1s0x3b080d64299bb125:0x536efff232cb4b47!8m2!3d10.0007554!4d76.2793101!16s%2Fg%2F11ckqn68dl?entry=ttu,,,,,,,,,,,,
,,,,,,,,,MUNDAKKAL TRADERS CHATHANNOOR,Chathannoor - Chirakkara Rd,near Ithikkara block office,#ERROR!,,80,,https://www.google.com/maps/place/data=!3m1!4b1!4m6!3m5!1s0x3b05e5e2d55f289f:0x46d25e4dc9a870fc!8m2!3d8.8563517!4d76.7149765!16s%2Fg%2F11gjm6xv29?entry=ttu,,,,,,,,,,,,
,,,,,,,,,"Vinny Steels - Iron Traders,wholesale building Material supplier","Mannathala, Chavakkad","Chavakkad, Kerala 680506",,http://vinnysteels.com/,71,,https://www.google.com/maps/place/data=!3m1!4b1!4m6!3m5!1s0x3ba79473407a8443:0xd4ff8f0c4fdaa75a!8m2!3d10.5818559!4d76.0173341!16s%2Fg%2F11g6xn_vt2?entry=ttu,,,,,,,,,,,,
,,,,,,,,,Tahani Steels Edakkkazhiyur,"Edakkazhiyur, Kerala 680515",India,#ERROR!,http://www.tahanigroup.com/,142,https://lh5.googleusercontent.com/p/AF1QipNTIk_oAGycGr2qhtwPeSUf2SGvecv4dpP6V9dV,https://www.google.com/maps/place/data=!3m1!4b1!4m6!3m5!1s0x3ba795b836c1226b:0x1134b3886bc0782b!8m2!3d10.6191679!4d75.9967021!16s%2Fg%2F11fhv7yb2v?entry=ttu,,,,,,,,,,,,
,,,,,,,,,Kalliyath Steels and Alloys,Tirur-Chamravattom Rd,Anaozhukkupalam,#ERROR!,,3,,https://www.google.com/maps/place/data=!3m1!4b1!4m6!3m5!1s0x3ba7bb893eb881f3:0x381028ee83372083!8m2!3d10.8308745!4d75.9489663!16s%2Fg%2F11snyqr_x8?entry=ttu,,,,,,,,,,,,
,,,,,,,,,Kavalakat Agencies,KAVALAKAT,"TB Rd, Sakthan Thampuran Nagar, Veliyannur",#ERROR!,http://www.kavalakat.com/,76,https://lh5.googleusercontent.com/p/AF1QipPql4JLFLnmXmKOmZt-q1xpIbDW4vB280g-2gCu,https://www.google.com/maps/place/data=!3m1!4b1!4m6!3m5!1s0x3ba7ee36ef4b256d:0x9af36b6f91bda239!8m2!3d10.514212!4d76.216846!16s%2Fg%2F11bcd_x82m?entry=ttu,,,,,,,,,,,,
,,,,,,,,,Metalex Agencies,"66/1914, TA Beerankunju Rd","near Metalex Agencies, North Kaloor, Kacheripady",#ERROR!,http://www.metalexagencies.in/,53,,https://www.google.com/maps/place/data=!3m1!4b1!4m6!3m5!1s0x3b080d510bbfa3c5:0xc9fa0f3f97ab0830!8m2!3d9.9858404!4d76.2861315!16s%2Fg%2F11ghlq3xsx?entry=ttu,,,,,,,,,,,,
,,,,,,,,,Cochin Steels And Cements,QH68+Q45,Pala - Kozha Rd,#ERROR!,,31,https://lh5.googleusercontent.com/p/AF1QipOppH6y770cjY-k9LKLmvZmGH1xUmxZAuZrLdim,https://www.google.com/maps/place/data=!3m1!4b1!4m6!3m5!1s0x3b07d126a5305a09:0x3fb9af3501c604e!8m2!3d9.761896!4d76.5653632!16s%2Fg%2F11c3k2wgzv?entry=ttu,,,,,,,,,,,,
,,,,,,,,,"George & Company, Steel Hypermart",G677+8W2,"near Heart Hospital, Sakthan Thampuran Nagar",#ERROR!,http://georgeandco.in/,55,,https://www.google.com/maps/place/data=!3m1!4b1!4m6!3m5!1s0x3ba7ee3739001177:0x8fb38d685bc1e9ff!8m2!3d10.5132636!4d76.2147812!16s%2Fg%2F11f3_7vxrl?entry=ttu,,,,,,,,,,,,
,,,,,,,,,"KPM Steels & Trading Co., AAC Blocks Cement Panels Vizag TMT Bars Roofing Sheets Palakkad",NH544,"Kuzhalmannam East, Kerala 678702",#ERROR!,http://www.kpmtrading.com/,7,,https://www.google.com/maps/place/data=!3m1!4b1!4m6!3m5!1s0x3ba872f08885d93d:0x48cf7dbcbfb5df65!8m2!3d10.7254089!4d76.6076285!16s%2Fg%2F11c54_0gb3?entry=ttu,,,,,,,,,,,,
,,,,,,,,,Kalliyath Steel House,XVMC+2CQ,"Tanur, Kerala 676302",#ERROR!,,13,,https://www.google.com/maps/place/data=!3m1!4b1!4m6!3m5!1s0x3ba7adc89509c28d:0xb5d49d1eabcdaf43!8m2!3d10.9825893!4d75.8710985!16s%2Fg%2F11j8tfkms6?entry=ttu,,,,,,,,,,,,
,,,,,,,,,Manammal Steel And Cements,Juma Masjid,"Tirur - Calicut Rd, near EDARIKODE",#ERROR!,,56,https://lh5.googleusercontent.com/p/AF1QipMdtqBwjmotGHL5AFY-WmD0QBG6Mu3aIz2h49f3,https://www.google.com/maps/place/data=!3m1!4b1!4m6!3m5!1s0x3ba7b342dccd0625:0xe348e4c3512fad0d!8m2!3d10.9942541!4d75.9768003!16s%2Fg%2F11c1lhrthm?entry=ttu,,,,,,,,,,,,
,,,,,,,,,Kavalakat TMT,"H.O. IX/376-2, T.B.Road, S. T. Nagar,Thrissur, Kerala - 680 001","Thrissur, Kerala 680001",#ERROR!,https://kavalakattmt.com/,3,,https://www.google.com/maps/place/data=!3m1!4b1!4m6!3m5!1s0x3ba7ef783fc70ee7:0x53f37b1e9c31ae28!8m2!3d10.5141217!4d76.2169657!16s%2Fg%2F11s8_f1d5q?entry=ttu,,,,,,,,,,,,
,,,,,,,,,Steelex TMT,"D.No.23/2087, Panniyankara",Kallai,#ERROR!,,3,,https://www.google.com/maps/place/data=!3m1!4b1!4m6!3m5!1s0x3ba659703fffffff:0xeeaec5e35c638d80!8m2!3d11.2352408!4d75.7938309!16s%2Fg%2F11l3d8thdc?entry=ttu,,,,,,,,,,,,
,,,,,,,,,Kallatra Core LLP - All Kerala Jindal Panther Distributor,Edamula Brg,"Pathalam, Eloor",#ERROR!,https://www.kallatracore.com/,3,,https://www.google.com/maps/place/data=!3m1!4b1!4m6!3m5!1s0x3b080f007b2def09:0x9d5895beca44bd6d!8m2!3d10.0810858!4d76.3343273!16s%2Fg%2F11vysn2438?entry=ttu,,,,,,,,,,,,
,,,,,,,,,K R STEELS,"Alumvettuvazhy, IDEAL PLOTS",Chiyyaram,#ERROR!,http://www.krsteels.com/,37,https://lh5.googleusercontent.com/p/AF1QipMOQFrlq-k6PanCWp1hcflPE78BO11i5y5lmNqq,https://www.google.com/maps/place/data=!3m1!4b1!4m6!3m5!1s0x3ba7f02aa7ec415b:0xc1b257e3f23bf505!8m2!3d10.4972319!4d76.2235886!16s%2Fg%2F11c7507y25?entry=ttu,,,,,,,,,,,,
,,,,,,,,,The Steel Associates,Pazhur Rd - Koolimadu,Chennamangallur,#ERROR!,https://aashiyana.tatasteel.com/,1,https://lh5.googleusercontent.com/p/AF1QipPcm9U1FB7ciFpOvx_er0DLUWL8PgTo-w68IdXs,https://www.google.com/maps/place/data=!3m1!4b1!4m6!3m5!1s0x3ba64358850509b9:0xfbcdcc9566de2a15!8m2!3d11.2954399!4d75.9817081!16s%2Fg%2F11nxrqclj5?entry=ttu,,,,,,,,,,,,
,,,,,,,,,SREE PERIYAKANDIAMMAN AGENCY - STEELS TMT BAR IN COIMBATORE,"93/2A, Nallampalayam Road","Post, Rathinapuri, Sanganoor",#ERROR!,http://wellcomindia.com/listings/item/290,9,https://lh5.googleusercontent.com/p/AF1QipPUUKMRNHn86AzmfgExBcQD55NAJQEDGylBJ6k0,https://www.google.com/maps/place/data=!3m1!4b1!4m6!3m5!1s0x3ba859c6e4301bdf:0x63949643d214b71b!8m2!3d11.0395641!4d76.9606205!16s%2Fg%2F11t7l3p_19?entry=ttu,,,,,,,,,,,,
,,,,,,,,,Edathanalil steels,SH 1,Thannipuzha,#ERROR!,,56,,https://www.google.com/maps/place/data=!3m1!4b1!4m6!3m5!1s0x3b080807812d0145:0x44d29e42897c5abf!8m2!3d10.1553224!4d76.4475278!16s%2Fg%2F11bbrgxdrl?entry=ttu,,,,,,,,,,,,
,,,,,,,,,Shikha Metals,"7/570 A, N.H Bypass Kundanoor","Service Rd, Kundannoor",#ERROR!,http://www.shikhametals.com/,12,https://lh5.googleusercontent.com/p/AF1QipNVFs0_XZJmOXNolQdt1odmk0adN0loz-0XgyPO,https://www.google.com/maps/place/data=!3m1!4b1!4m6!3m5!1s0x3b08731d49025835:0xbe2570c5c048d0f1!8m2!3d9.942628!4d76.318694!16s%2Fg%2F124ypg49v?entry=ttu,,,,,,,,,,,,
,,,,,,,,,Pampa Steel,near Andhra Bank,"Kundannoor, Maradu",#ERROR!,,29,https://lh5.googleusercontent.com/p/AF1QipMENwXQjLEbZ-7cfQD6BvMrGY9P1oUDP3iT4NpS,https://www.google.com/maps/place/data=!3m1!4b1!4m6!3m5!1s0x3b0873027427ad39:0x3c3ae8fa9417165d!8m2!3d9.9382594!4d76.3177261!16s%2Fg%2F1jkwc8189?entry=ttu,,,,,,,,,,,,
,,,,,,,,,P.H Metals,"Service Rd, N.H. Bye Pass Road","Anjumuri, Kuthappady, Vyttila",#ERROR!,https://www.phmetals.in/,16,,https://www.google.com/maps/place/data=!3m1!4b1!4m6!3m5!1s0x3b080d2a036b41e3:0xefa365bc3cc6242f!8m2!3d9.9799886!4d76.3168143!16s%2Fg%2F11bbrjls93?entry=ttu,,,,,,,,,,,,
,,,,,,,,,Thadathil Steels & Hardware Pulkit TMT,M3FF+P55,Chayam,,,1,https://lh5.googleusercontent.com/p/AF1QipMqa0Lm_T5Ql0x4NAH41O1ri-aS0EtZTHL2sl6J,https://www.google.com/maps/place/data=!3m1!4b1!4m6!3m5!1s0x3b05c9bf2f81ee87:0x9edfef3834f1ff9f!8m2!3d8.6742581!4d77.0729954!16s%2Fg%2F11s_tvwwb0?entry=ttu,,,,,,,,,,,,
,,,,,,,,,Puthedath Traders,D. No. 33/2430- B,"Service Rd, NH Bypass Road, Bhavaraparambu Junction, Chakkaraparambu, Thammanam",#ERROR!,,8,,https://www.google.com/maps/place/data=!3m1!4b1!4m6!3m5!1s0x3b080d27dd3c8ba3:0x92b8e734bedd5a48!8m2!3d9.9862412!4d76.315841!16s%2Fg%2F1ptx0r8fq?entry=ttu,,,,,,,,,,,,
,,,,,,,,,Salini Steels,"Vaikom, Kallara, Kerala 686611",India,#ERROR!,,98,https://lh5.googleusercontent.com/p/AF1QipNcwu0Ew6bJyGPGL4qLI6yeIuYmkDnrZJOjdKMx,https://www.google.com/maps/place/data=!3m1!4b1!4m6!3m5!1s0x3b07d5c26d3c0343:0xed495cb81224b6f7!8m2!3d9.704838!4d76.4802563!16s%2Fg%2F11bz0bq1gs?entry=ttu,,,,,,,,,,,,
,,,,,,,,,Kalliyath Steel Industries,Industrial Development Plot,"Chemannoor, Angamaly South",#ERROR!,http://kalliyathindia.com/,15,,https://www.google.com/maps/place/data=!3m1!4b1!4m6!3m5!1s0x3b080671bfffffff:0x7d660fa1b1e7dc99!8m2!3d10.1795578!4d76.3687521!16s%2Fg%2F1v3lncr2?entry=ttu,,,,,,,,,,,,
,,,,,,,,,Noble Steels & Agencies,Arakulam Rd,east,,,47,,https://www.google.com/maps/place/data=!3m1!4b1!4m6!3m5!1s0x3b081b94c60409e5:0x6ad3848c423efd7d!8m2!3d10.2141599!4d76.2023198!16s%2Fg%2F11c1l687nw?entry=ttu,,,,,,,,,,,,
,,,,,,,,,Quality Steels,HGRH+Q32,"Kottayam, Kerala 686001",,,6,,https://www.google.com/maps/place/data=!3m1!4b1!4m6!3m5!1s0x3b062b0abaa7f249:0x8992a9a8e68644cb!8m2!3d9.5918965!4d76.5276457!16s%2Fg%2F11crt5zkd7?entry=ttu,,,,,,,,,,,,
,,,,,,,,,Kottayam Steels,Peroor,Kerala 686637,#ERROR!,,8,,https://www.google.com/maps/place/data=!3m1!4b1!4m6!3m5!1s0x3b07d343666f588d:0x55383afd156b684a!8m2!3d9.6527561!4d76.5621248!16s%2Fg%2F11df0fvcn4?entry=ttu,,,,,,,,,,,,
,,,,,,,,,Bharath Steels & Cements Nenmara,"Near, Kumbalakode Bridge",Kumbalakode,#ERROR!,,21,,https://www.google.com/maps/place/data=!3m1!4b1!4m6!3m5!1s0x3ba80db3f2174c19:0xb4ddba396862ce5a!8m2!3d10.6040178!4d76.631562!16s%2Fg%2F11s5zgqj3y?entry=ttu,,,,,,,,,,,,
,,,,,,,,,Steels India,Door No. 32/3071 A & D,"NH Bypass Rd, Anjumuri, Chalikkavattom, Thammanam",#ERROR!,,18,https://lh5.googleusercontent.com/p/AF1QipP1-oQPi8j8RrLc90g0I8Q1w3cL3vxiNjBb-Nfa,https://www.google.com/maps/place/data=!3m1!4b1!4m6!3m5!1s0x3b080d2a039cb25b:0x9dc8d2ed125b26a6!8m2!3d9.9802381!4d76.3167525!16s%2Fg%2F1hc16ng_8?entry=ttu,,,,,,,,,,,,
,,,,,,,,,K K Steel Agency,Thiruvalla - Mallappally Rd,"Kunnamthanam, Kerala 689581",#ERROR!,,7,,https://www.google.com/maps/place/data=!3m1!4b1!4m6!3m5!1s0x3b062508b7343d9d:0xc30d443e46809a30!8m2!3d9.4318818!4d76.6002182!16s%2Fg%2F11dfq40c6q?entry=ttu,,,,,,,,,,,,
,,,,,,,,,"STEELEX Aluva - ( IRON & STEEL) JSW, TATA, VIZAG, APOLLO, V BOARD, ROOFING SHEETS","Kallungal Building, Edayappuram Road","Bridge, Near, Thottumugham",#ERROR!,http://steelex.in/,46,https://lh5.googleusercontent.com/p/AF1QipPYYXGBVDWqCAsG4JnXbAVsmgBQCji8kxhhcPBs,https://www.google.com/maps/place/data=!3m1!4b1!4m6!3m5!1s0x3b0809235447c385:0xce06f978d161e1c!8m2!3d10.1068211!4d76.3717892!16s%2Fg%2F11h1rm2dpz?entry=ttu,,,,,,,,,,,,
,,,,,,,,,Johney's Steels,Kodathipady,Ettumanoor,#ERROR!,,56,,https://www.google.com/maps/place/data=!3m1!4b1!4m6!3m5!1s0x3b07d37cd6f46097:0x1b4c6a90f3626c2d!8m2!3d9.6687229!4d76.551974!16s%2Fg%2F11b7q_rbv8?entry=ttu,,,,,,,,,,,,
,,,,,,,,,YEMKE Building Materials,Akkikavu Calicut Road,"opp. builders Zone, Akkikkavu",#ERROR!,http://www.yemke.in/,19,,https://www.google.com/maps/place/data=!3m1!4b1!4m6!3m5!1s0x3ba7c07410000025:0x991f30cfe77fcbfc!8m2!3d10.6886142!4d76.0893194!16s%2Fg%2F11c2r9vqdp?entry=ttu,,,,,,,,,,,,
,,,,,,,,,LEENA TRADERS,"Valiyamaram Ward, Vellakkinar","Alappuzha, Kerala 688001",#ERROR!,,10,https://lh5.googleusercontent.com/p/AF1QipOHWux1hU1Lg1DQK7U7GnVPsr4Ecm-efq26MMjb,https://www.google.com/maps/place/data=!3m1!4b1!4m6!3m5!1s0x3b08857df3715c35:0x4e02008f5eaa658f!8m2!3d9.484181!4d76.3340816!16s%2Fg%2F11h6g46_4t?entry=ttu,,,,,,,,,,,,
,,,,,,,,,K V P Steel Company,"Adjacent to Kuriyil Towers, Metro Pillar 831A, East of Elamkulam Bridge","Sahodaran Ayyappan Rd, near Janatha, Vyttila",#ERROR!,,11,,https://www.google.com/maps/place/data=!3m1!4b1!4m6!3m5!1s0x3b0872d1401e1577:0x22dd1362d3e7fceb!8m2!3d9.9677743!4d76.3102245!16s%2Fg%2F124ssyqb_?entry=ttu,,,,,,,,,,,,
,,,,,,,,,Vijai Iron & steels,"92, Valparai main road","near flyover, BK Kovail Street",#ERROR!,https://sites.google.com/view/vijaiironsteels,15,,https://www.google.com/maps/place/data=!3m1!4b1!4m6!3m5!1s0x3ba839d709b9850f:0x637adba03660e832!8m2!3d10.6535841!4d77.0082442!16s%2Fg%2F11f15br1t1?entry=ttu,,,,,,,,,,,,
,,,,,,,,,Vimala Steels,G6VF+W62,"Viyyur, Pandikkavu, Peringavu",#ERROR!,,22,https://lh5.googleusercontent.com/p/AF1QipPD24FC4-T1bY-72x87xYWzGPndcJugyNhpJfIN,https://www.google.com/maps/place/data=!3m1!4b1!4m6!3m5!1s0x3ba7eefe6c6b6367:0xc544e9135a339c7b!8m2!3d10.5447527!4d76.2230245!16s%2Fg%2F11f3n4txhz?entry=ttu,,,,,,,,,,,,
,,,,,,,,,T.M. Traders,"National Highway - 17, Edappally Station Kavala","Juma Masjid Ln, near Edappally, Nethaji Nagar, Edappally",#ERROR!,,10,,https://www.google.com/maps/place/data=!3m1!4b1!4m6!3m5!1s0x3b080dba9a21e0f1:0x720dee01a74a0f88!8m2!3d10.0276114!4d76.3059575!16s%2Fg%2F1pzpjhcfv?entry=ttu,,,,,,,,,,,,
,,,,,,,,,Kavalakat steels,"FR, Mundupalam Junction","Mundupalam Rd, Mission Quarters",#ERROR!,,7,https://lh5.googleusercontent.com/p/AF1QipNYFvXAuH1vpLxMQ3Ggx4Cq2HNvEsrzOb64JxA4,https://www.google.com/maps/place/data=!3m1!4b1!4m6!3m5!1s0x3ba7ef071b964a69:0x2642201b11f7a3d0!8m2!3d10.5113707!4d76.2204851!16s%2Fg%2F11t6g4zzp9?entry=ttu,,,,,,,,,,,,
,,,,,,,,,Sreedevi Traders,PRCM+2Q2,Vanchiyoor,#ERROR!,,18,,https://www.google.com/maps/place/data=!3m1!4b1!4m6!3m5!1s0x3b05c2717e027a67:0xced435b8412ef03a!8m2!3d8.7200075!4d76.8344009!16s%2Fg%2F11c1l5lrby?entry=ttu,,,,,,,,,,,,
,,,,,,,,,Kalliyath Building,Edappally,"Kochi, Ernakulam, Kerala 682025",,https://kalliyathindia.com/contact-us.php,57,,https://www.google.com/maps/place/data=!3m1!4b1!4m6!3m5!1s0x3b080d0f23b34b6b:0xa56929ddbf6d54d4!8m2!3d10.0115204!4d76.303242!16s%2Fg%2F11cjgc64fv?entry=ttu,,,,,,,,,,,,
,,,,,,,,,Peringhat Agencies,"1st floor Peringhat tower, aluva ekm road",aluva,#ERROR!,https://peringhat.com/,78,,https://www.google.com/maps/place/data=!3m1!4b1!4m6!3m5!1s0x3b080ed9981fd13f:0x77e7db32143b5fd6!8m2!3d10.103974!4d76.350346!16s%2Fg%2F1q648b4zh?entry=ttu,,,,,,,,,,,,
,,,,,,,,,KALLIYATH TMT GODOWN,V9VQ+QCJ,Kakkad,,,,https://lh5.googleusercontent.com/p/AF1QipPosYPChLSEy1jrtLmqc4hcAGIBKmye-mQkD_u4,https://www.google.com/maps/place/data=!3m1!4b1!4m6!3m5!1s0x3ba43d000e74295d:0xe7e125eec1e7bd3a!8m2!3d11.894705!4d75.389406!16s%2Fg%2F11xfr161rx?entry=ttu,,,,,,,,,,,,
,,,,,,,,,PJM Agencies,Kottarakkara - Kottayam Rd,Opp to West,#ERROR!,https://stores.tatapravesh.com/opptowest/pjm_agencies/,83,https://lh5.googleusercontent.com/p/AF1QipNLfpZ4ArlduAWywxG_bEH-UF8uDu0ZU9AUuAgn,https://www.google.com/maps/place/data=!3m1!4b1!4m6!3m5!1s0x3b0622e5789e6427:0x67259eee613c89fc!8m2!3d9.3230477!4d76.6093263!16s%2Fg%2F11dxdj2jb3?entry=ttu,,,,,,,,,,,,
,,,,,,,,,Cement and Steel kolabhagathu and. Tisha agencies,Thirumoolapuram,"Thiruvalla, Kerala 689105",#ERROR!,,18,,https://www.google.com/maps/place/data=!3m1!4b1!4m6!3m5!1s0x3b0624091d2add03:0x3691cc97480bcf48!8m2!3d9.383542!4d76.5691385!16s%2Fg%2F11bxjpzrz6?entry=ttu,,,,,,,,,,,,
,,,,,,,,,S.S. Traders,"27WW+QJV, Kunnumpuram Govt High School (VHSS & HSS)","NEAR BHRAMASTANAM, ROAD",#ERROR!,,19,,https://www.google.com/maps/place/data=!3m1!4b1!4m6!3m5!1s0x3b080dc2503ae2d9:0x1bbb4de90bd093bf!8m2!3d10.0469982!4d76.2965545!16s%2Fg%2F11bbt9nh1_?entry=ttu,,,,,,,,,,,,
,,,,,,,,,TBS (Tirur Building Solutions),WWCH+25X,Ring Road,#ERROR!,,93,https://lh5.googleusercontent.com/p/AF1QipMMlPupii63fAAUjdVVDorrQDkM36OiJe2bOCIm,https://www.google.com/maps/place/data=!3m1!4b1!4m6!3m5!1s0x3ba7b15e4ff45d2f:0x6cfe0322c913c3bf!8m2!3d10.9200352!4d75.9280512!16s%2Fg%2F11qgbdp4hm?entry=ttu,,,,,,,,,,,,
,,,,,,,,,St George Trades | Cement Dealers | Steel Dealers | Structural and Roofing Dealers | RMC Dealers,St George Trades,Cheppumpara,#ERROR!,https://stgeorgestores.com/,144,https://lh5.googleusercontent.com/p/AF1QipPWBUNdhMHLuCA-28sboGMz9qTZZoxLKJGfLHUD,https://www.google.com/maps/place/data=!3m1!4b1!4m6!3m5!1s0x3b06342f34fc75e9:0xeaf3bcc0e2ebfb43!8m2!3d9.5625747!4d76.7699321!16s%2Fg%2F11cn6kks_g?entry=ttu,,,,,,,,,,,,
,,,,,,,,,ANGEL STEELS & HARDWARES,68MF+773,"Annamanada - Mala Pallipuram Rd, Meladoor",#ERROR!,,12,https://lh5.googleusercontent.com/p/AF1QipMV04y061_o2A0ocUSyZa0N4n-AYIaavKFWvhIL,https://www.google.com/maps/place/data=!3m1!4b1!4m6!3m5!1s0x3b08049f667965a5:0xd4d6d79397292320!8m2!3d10.2331388!4d76.3231708!16s%2Fg%2F1q2w5hbs9?entry=ttu,,,,,,,,,,,,
,,,,,,,,,Metrolla Steels Ltd.,Payipra Cheruvattoor Rd,"Pezhakkappilly, Kerala 686673",#ERROR!,https://www.metconindia.com/,65,https://lh5.googleusercontent.com/p/AF1QipMbbV7aqhGuXpNP2xBUT8_-0Fwm_i92jSgpJOXe,https://www.google.com/maps/place/data=!3m1!4b1!4m6!3m5!1s0x3b07e6d89b8c08b1:0xcdb7ae6db82cc1!8m2!3d10.0290052!4d76.5643562!16s%2Fg%2F1tkks960?entry=ttu,,,,,,,,,,,,
,,,,,,,,,VTK Steels & Cements,"Kadavallur, Kerala 680543",India,#ERROR!,http://vtkgroup.in/,35,https://lh5.googleusercontent.com/p/AF1QipM6UjTMyGZXSDz4mHXfbfuhfPJocP0DEDVLLMNA,https://www.google.com/maps/place/data=!3m1!4b1!4m6!3m5!1s0x3ba7bf72269d7fb3:0xaefa2501ea8cd3ba!8m2!3d10.718507!4d76.0709647!16s%2Fg%2F11cn31421v?entry=ttu,,,,,,,,,,,,
,,,,,,,,,SOBHA STEEL,Chandapura,"Kuzhalmannam, Kerala 678702",,,12,,https://www.google.com/maps/place/data=!3m1!4b1!4m6!3m5!1s0x3ba873e899a62cc7:0xc8db401cd2a8c7a4!8m2!3d10.7213877!4d76.6038106!16s%2Fg%2F11l_bnxf1d?entry=ttu,,,,,,,,,,,,
,,,,,,,,,Cheereth Metals,"PO, Puthencruz Church Road",Puthenkurish,#ERROR!,https://www.asianpaints.com/store-locator.html?utm_source=locator&utm_medium=googleplaces,58,,https://www.google.com/maps/place/data=!3m1!4b1!4m6!3m5!1s0x3b0875308ae3a31f:0x64e4e9576d513e6a!8m2!3d9.9695423!4d76.4246267!16s%2Fg%2F124yfq125?entry=ttu,,,,,,,,,,,,
,,,,,,,,,Faith Metals,SH 1,"near SBT, Thellakom",#ERROR!,,97,,https://www.google.com/maps/place/data=!3m1!4b1!4m6!3m5!1s0x10545b85bb5ad565:0x773c99f2f48e9b5b!8m2!3d9.6417244!4d76.5449172!16s%2Fg%2F11b7gr2kgl?entry=ttu,,,,,,,,,,,,
,,,,,,,,,KOHINOOR METALS,"Changanassery, Kerala 686103",India,#ERROR!,,66,,https://www.google.com/maps/place/data=!3m1!4b1!4m6!3m5!1s0x3b06260f2b3d0835:0xd83ced2b5facfa3e!8m2!3d9.4665519!4d76.5303959!16s%2Fg%2F1tdr6m6g?entry=ttu,,,,,,,,,,,,
,,,,,,,,,"VGC BEENA Home Experience Centre (Steel Division),Kayamkulam",VGC Beena,Evoor Muttom Road,#ERROR!,https://vgcbeena.com/,434,https://lh5.googleusercontent.com/p/AF1QipO-cz-4CsNZFocTVA3t4pQX5Ir5GT6RiYYKsw20,https://www.google.com/maps/place/data=!3m1!4b1!4m6!3m5!1s0x3b061dcc493cd35d:0x47eab775cbb2d61e!8m2!3d9.1857113!4d76.5000457!16s%2Fg%2F11bvt1711y?entry=ttu,,,,,,,,,,,,
,,,,,,,,,UNIVERSAL STEEL CENTRE VADAKKENCHERRY,Vadakkencherry - Palakuzhy Rd,opposite ROLEX AUDITORIUM,#ERROR!,,6,,https://www.google.com/maps/place/data=!3m1!4b1!4m6!3m5!1s0x3ba80b019eb896ef:0x6f37dfc38463303a!8m2!3d10.5931236!4d76.4856499!16s%2Fg%2F11gnphvgpv?entry=ttu,,,,,,,,,,,,
,,,,,,,,,KK TRADERS KAKKANAD,"Thrikkakara, Edappally","Ernakulam, Kochi, Kerala 682021",#ERROR!,,30,,https://www.google.com/maps/place/data=!3m1!4b1!4m6!3m5!1s0x3b080d4383423aa1:0x4c03258fb8578ef9!8m2!3d10.026319!4d76.3370929!16s%2Fg%2F11gh_941cv?entry=ttu,,,,,,,,,,,,
,,,,,,,,,Tata Tiscon,"Lakshmi Glass And Plywoods, KONGAD","Palakkad, Kerala 682030",#ERROR!,https://aashiyana.tatasteel.com/,,,https://www.google.com/maps/place/data=!3m1!4b1!4m6!3m5!1s0x3ba8771dd2a4ff5d:0x5098f4c3582f2c0c!8m2!3d10.8575237!4d76.5182028!16s%2Fg%2F11q8vgmgd7?entry=ttu,,,,,,,,,,,,
,,,,,,,,,MALABAR STEELS,VALLIKKAPATTA,"Manjeri, Kerala 679324",#ERROR!,,22,,https://www.google.com/maps/place/data=!3m1!4b1!4m6!3m5!1s0x3ba6345622a81a97:0xbfbbd9a4144f9a23!8m2!3d11.0657452!4d76.1392498!16s%2Fg%2F11gdrf3dyl?entry=ttu,,,,,,,,,,,,
,,,,,,,,,Makkah Traders,PVSIS Building,"NH 66, Kuravanthodu, Punnapra",#ERROR!,,48,,https://www.google.com/maps/place/data=!3m1!4b1!4m6!3m5!1s0x3b089b6e87ee5179:0x8232571fcce6555b!8m2!3d9.4236086!4d76.3470492!16s%2Fg%2F11bxb9wj4p?entry=ttu,,,,,,,,,,,,
,,,,,,,,,CG Steels & Hardwares,PXRF+36Q,"Maranchery, Kerala 679581",#ERROR!,,73,,https://www.google.com/maps/place/data=!3m1!4b1!4m6!3m5!1s0x3ba7bc0dae16c96b:0x836833dbc5585da9!8m2!3d10.7402012!4d75.9731134!16s%2Fg%2F11gg64wtwr?entry=ttu,,,,,,,,,,,,
,,,,,,,,,Mastro Store Pvt Ltd,VPWC+RV,"Thodupuzha, Kerala 685584",,http://www.mastrometals.com/,127,,https://www.google.com/maps/place/data=!3m1!4b1!4m6!3m5!1s0x3b07c517b98839f3:0x71abd96080177859!8m2!3d9.8970185!4d76.7221071!16s%2Fg%2F11sfjv82ws?entry=ttu,,,,,,,,,,,,
,,,,,,,,,Pulickal Agencies,Bypass Rd,"Kattappana, Kerala 685508",#ERROR!,http://www.pulickalagencies.in/,61,https://lh5.googleusercontent.com/p/AF1QipNa_jed8S3VGQQxp_Dt3UfO6BT3ySLM0El7HPp2,https://www.google.com/maps/place/data=!3m1!4b1!4m6!3m5!1s0x3b07a94fe158fd65:0xa64adb0ffb927657!8m2!3d9.7556643!4d77.1127411!16s%2Fg%2F11fzss2gfh?entry=ttu,,,,,,,,,,,,
,,,,,,,,,Thundathil Agencies,Koothattukulam - Ramapuram - Pala Rd,Ramapuram,#ERROR!,,30,,https://www.google.com/maps/place/data=!3m1!4b1!4m6!3m5!1s0x3b07cfec49a2542f:0x3d88eb9932c258e1!8m2!3d9.800079!4d76.6602999!16s%2Fg%2F1261wk8ht?entry=ttu,,,,,,,,,,,,
,,,,,,,,,Honest Building Materials,Nadathara,centre,#ERROR!,,24,https://lh5.googleusercontent.com/p/AF1QipOMjqWjOBco2WtfpfP_YzfxfyEOdbLHh79VtLHv,https://www.google.com/maps/place/data=!3m1!4b1!4m6!3m5!1s0x3ba7efd99c1849e5:0xc98638cc85157337!8m2!3d10.5106509!4d76.2593976!16s%2Fg%2F11j13ynj2r?entry=ttu,,,,,,,,,,,,
,,,,,,,,,M S VENTURES ALATHUR,Bank Rd,"Alathur, Kerala 678541",#ERROR!,,16,,https://www.google.com/maps/place/data=!3m1!4b1!4m6!3m5!1s0x3ba80b36e32d57b1:0xc2f7c8e1dfadb56f!8m2!3d10.649108!4d76.5452602!16s%2Fg%2F11ptw5yb5_?entry=ttu,,,,,,,,,,,,
,,,,,,,,,Deepu Agencies,opposite Government LP School,P.o,#ERROR!,http://www.deepusteels.com/,35,,https://www.google.com/maps/place/data=!3m1!4b1!4m6!3m5!1s0x3b061d1c7f558b75:0xeb3060a6e7a70068!8m2!3d9.1912066!4d76.4686899!16s%2Fg%2F11ny1y7mbb?entry=ttu,,,,,,,,,,,,
,,,,,,,,,Vaikundam Steels,"Vaikundam Steels, 513 B, Kavil, Kodakara",Chalakudy Rd,#ERROR!,https://aashiyana.tatasteel.com/,,,https://www.google.com/maps/place/data=!3m1!4b1!4m6!3m5!1s0x3ba7f9e997355d49:0x199f2b1baba86a23!8m2!3d10.3792727!4d76.311318!16s%2Fg%2F11rsdk4tfx?entry=ttu,,,,,,,,,,,,
,,,,,,,,,jsw tmt steel dealer,R5Q4+RH8,SH40,#ERROR!,,2,,https://www.google.com/maps/place/data=!3m1!4b1!4m6!3m5!1s0x3b07a7d12fcee7a3:0x387c4b58d8db683f!8m2!3d9.839542!4d77.1564396!16s%2Fg%2F11dxkw9rgj?entry=ttu,,,,,,,,,,,,
,,,,,,,,,"G.g Enterprises,","G.g Enterprises, CHANKARAMKULAM.AP-XVI","Nannammukku, Kerala 679585",#ERROR!,https://aashiyana.tatasteel.com/,1,,https://www.google.com/maps/place/data=!3m1!4b1!4m6!3m5!1s0x3ba7bf5d58f69959:0xf4610493e997a8ba!8m2!3d10.7362867!4d76.0290574!16s%2Fg%2F11rsdbyhpy?entry=ttu,,,,,,,,,,,,
,,,,,,,,,S.J.S Trading Company,Akkara Complex,Mundupalam,#ERROR!,,5,,https://www.google.com/maps/place/data=!3m1!4b1!4m6!3m5!1s0x3ba7ee33940608f7:0x2da0ceb499b8e707!8m2!3d10.5116129!4d76.220711!16s%2Fg%2F11btt6m9mn?entry=ttu,,,,,,,,,,,,
,,,,,,,,,,,,,,,,,,,,,,,,,,,,
,,,,,,,,,,,,,,,,,,,,,,,,,,,,
,,,,,,,,,,,,,,,,,,,,,,,,,,,,
,,,,,,,,,,,,,,,,,,,,,,,,,,,,
,,,,,,,,,,,,,,,,,,,,,,,,,,,,
,,,,,,,,,,,,,,,,,,,,,,,,,,,,
,,,,,,,,,,,,,,,,,,,,,,,,,,,,
,,,,,,,,,,,,,,,,,,,,,,,,,,,,
,,,,,,,,,,,,,,,,,,,,,,,,,,,,
,,,,,,,,,,,,,,,,,,,,,,,,,,,,
,,,,,,,,,,,,,,,,,,,,,,,,,,,,
,,,,,,,,,,,,,,,,,,,,,,,,,,,,
,,,,,,,,,,,,,,,,,,,,,,,,,,,,
,,,,,,,,,,,,,,,,,,,,,,,,,,,,
,,,,,,,,,,,,,,,,,,,,,,,,,,,,
,,,,,,,,,,,,,,,,,,,,,,,,,,,,
,,,,,,,,,,,,,,,,,,,,,,,,,,,,
,,,,,,,,,,,,,,,,,,,,,,,,,,,,
,,,,,,,,,,,,,,,,,,,,,,,,,,,,
,,,,,,,,,,,,,,,,,,,,,,,,,,,,
,,,,,,,,,,,,,,,,,,,,,,,,,,,,
,,,,,,,,,,,,,,,,,,,,,,,,,,,,
,,,,,,,,,,,,,,,,,,,,,,,,,,,,
,,,,,,,,,,,,,,,,,,,,,,,,,,,,
,,,,,,,,,,,,,,,,,,,,,,,,,,,,
,,,,,,,,,,,,,,,,,,,,,,,,,,,,
,,,,,,,,,,,,,,,,,,,,,,,,,,,,
,,,,,,,,,,,,,,,,,,,,,,,,,,,,
,,,,,,,,,,,,,,,,,,,,,,,,,,,,
,,,,,,,,,,,,,,,,,,,,,,,,,,,,
,,,,,,,,,,,,,,,,,,,,,,,,,,,,
,,,,,,,,,,,,,,,,,,,,,,,,,,,,
,,,,,,,,,,,,,,,,,,,,,,,,,,,,
,,,,,,,,,,,,,,,,,,,,,,,,,,,,
,,,,,,,,,,,,,,,,,,,,,,,,,,,,
,,,,,,,,,,,,,,,,,,,,,,,,,,,,
,,,,,,,,,,,,,,,,,,,,,,,,,,,,
,,,,,,,,,,,,,,,,,,,,,,,,,,,,
,,,,,,,,,,,,,,,,,,,,,,,,,,,,
,,,,,,,,,,,,,,,,,,,,,,,,,,,,
,,,,,,,,,,,,,,,,,,,,,,,,,,,,
,,,,,,,,,,,,,,,,,,,,,,,,,,,,
,,,,,,,,,,,,,,,,,,,,,,,,,,,,
,,,,,,,,,,,,,,,,,,,,,,,,,,,,
,,,,,,,,,,,,,,,,,,,,,,,,,,,,
,,,,,,,,,,,,,,,,,,,,,,,,,,,,
,,,,,,,,,,,,,,,,,,,,,,,,,,,,
,,,,,,,,,,,,,,,,,,,,,,,,,,,,
,,,,,,,,,,,,,,,,,,,,,,,,,,,,
,,,,,,,,,,,,,,,,,,,,,,,,,,,,
,,,,,,,,,,,,,,,,,,,,,,,,,,,,
,,,,,,,,,,,,,,,,,,,,,,,,,,,,
,,,,,,,,,,,,,,,,,,,,,,,,,,,,
,,,,,,,,,,,,,,,,,,,,,,,,,,,,
,,,,,,,,,,,,,,,,,,,,,,,,,,,,
,,,,,,,,,,,,,,,,,,,,,,,,,,,,
,,,,,,,,,,,,,,,,,,,,,,,,,,,,
,,,,,,,,,,,,,,,,,,,,,,,,,,,,
,,,,,,,,,,,,,,,,,,,,,,,,,,,,
,,,,,,,,,,,,,,,,,,,,,,,,,,,,
,,,,,,,,,,,,,,,,,,,,,,,,,,,,
,,,,,,,,,,,,,,,,,,,,,,,,,,,,
,,,,,,,,,,,,,,,,,,,,,,,,,,,,
,,,,,,,,,,,,,,,,,,,,,,,,,,,,
,,,,,,,,,,,,,,,,,,,,,,,,,,,,
,,,,,,,,,,,,,,,,,,,,,,,,,,,,
,,,,,,,,,,,,,,,,,,,,,,,,,,,,
,,,,,,,,,,,,,,,,,,,,,,,,,,,,
,,,,,,,,,,,,,,,,,,,,,,,,,,,,
,,,,,,,,,,,,,,,,,,,,,,,,,,,,
,,,,,,,,,,,,,,,,,,,,,,,,,,,,
,,,,,,,,,,,,,,,,,,,,,,,,,,,,
,,,,,,,,,,,,,,,,,,,,,,,,,,,,
,,,,,,,,,,,,,,,,,,,,,,,,,,,,
,,,,,,,,,,,,,,,,,,,,,,,,,,,,
,,,,,,,,,,,,,,,,,,,,,,,,,,,,
,,,,,,,,,,,,,,,,,,,,,,,,,,,,
,,,,,,,,,,,,,,,,,,,,,,,,,,,,
,,,,,,,,,,,,,,,,,,,,,,,,,,,,
,,,,,,,,,,,,,,,,,,,,,,,,,,,,
,,,,,,,,,,,,,,,,,,,,,,,,,,,,
,,,,,,,,,,,,,,,,,,,,,,,,,,,,
,,,,,,,,,,,,,,,,,,,,,,,,,,,,
,,,,,,,,,,,,,,,,,,,,,,,,,,,,
,,,,,,,,,,,,,,,,,,,,,,,,,,,,
,,,,,,,,,,,,,,,,,,,,,,,,,,,,
,,,,,,,,,,,,,,,,,,,,,,,,,,,,
,,,,,,,,,,,,,,,,,,,,,,,,,,,,
,,,,,,,,,,,,,,,,,,,,,,,,,,,,
,,,,,,,,,,,,,,,,,,,,,,,,,,,,
,,,,,,,,,,,,,,,,,,,,,,,,,,,,
,,,,,,,,,,,,,,,,,,,,,,,,,,,,
,,,,,,,,,,,,,,,,,,,,,,,,,,,,
,,,,,,,,,,,,,,,,,,,,,,,,,,,,
,,,,,,,,,,,,,,,,,,,,,,,,,,,,
,,,,,,,,,,,,,,,,,,,,,,,,,,,,
,,,,,,,,,,,,,,,,,,,,,,,,,,,,
,,,,,,,,,,,,,,,,,,,,,,,,,,,,
,,,,,,,,,,,,,,,,,,,,,,,,,,,,
,,,,,,,,,,,,,,,,,,,,,,,,,,,,
,,,,,,,,,,,,,,,,,,,,,,,,,,,,
,,,,,,,,,,,,,,,,,,,,,,,,,,,,
,,,,,,,,,,,,,,,,,,,,,,,,,,,,
,,,,,,,,,,,,,,,,,,,,,,,,,,,,
,,,,,,,,,,,,,,,,,,,,,,,,,,,,
,,,,,,,,,,,,,,,,,,,,,,,,,,,,
,,,,,,,,,,,,,,,,,,,,,,,,,,,,
,,,,,,,,,,,,,,,,,,,,,,,,,,,,
,,,,,,,,,,,,,,,,,,,,,,,,,,,,
,,,,,,,,,,,,,,,,,,,,,,,,,,,,
,,,,,,,,,,,,,,,,,,,,,,,,,,,,
,,,,,,,,,,,,,,,,,,,,,,,,,,,,
,,,,,,,,,,,,,,,,,,,,,,,,,,,,
,,,,,,,,,,,,,,,,,,,,,,,,,,,,
,,,,,,,,,,,,,,,,,,,,,,,,,,,,
,,,,,,,,,,,,,,,,,,,,,,,,,,,,
,,,,,,,,,,,,,,,,,,,,,,,,,,,,
,,,,,,,,,,,,,,,,,,,,,,,,,,,,
,,,,,,,,,,,,,,,,,,,,,,,,,,,,
,,,,,,,,,,,,,,,,,,,,,,,,,,,,
,,,,,,,,,,,,,,,,,,,,,,,,,,,,
,,,,,,,,,,,,,,,,,,,,,,,,,,,,
,,,,,,,,,,,,,,,,,,,,,,,,,,,,
,,,,,,,,,,,,,,,,,,,,,,,,,,,,
,,,,,,,,,,,,,,,,,,,,,,,,,,,,
,,,,,,,,,,,,,,,,,,,,,,,,,,,,
,,,,,,,,,,,,,,,,,,,,,,,,,,,,
,,,,,,,,,,,,,,,,,,,,,,,,,,,,
,,,,,,,,,,,,,,,,,,,,,,,,,,,,
,,,,,,,,,,,,,,,,,,,,,,,,,,,,
,,,,,,,,,,,,,,,,,,,,,,,,,,,,
,,,,,,,,,,,,,,,,,,,,,,,,,,,,
,,,,,,,,,,,,,,,,,,,,,,,,,,,,
,,,,,,,,,,,,,,,,,,,,,,,,,,,,
,,,,,,,,,,,,,,,,,,,,,,,,,,,,
,,,,,,,,,,,,,,,,,,,,,,,,,,,,
,,,,,,,,,,,,,,,,,,,,,,,,,,,,
,,,,,,,,,,,,,,,,,,,,,,,,,,,,
,,,,,,,,,,,,,,,,,,,,,,,,,,,,
,,,,,,,,,,,,,,,,,,,,,,,,,,,,
,,,,,,,,,,,,,,,,,,,,,,,,,,,,
,,,,,,,,,,,,,,,,,,,,,,,,,,,,
,,,,,,,,,,,,,,,,,,,,,,,,,,,,
,,,,,,,,,,,,,,,,,,,,,,,,,,,,
,,,,,,,,,,,,,,,,,,,,,,,,,,,,
,,,,,,,,,,,,,,,,,,,,,,,,,,,,
,,,,,,,,,,,,,,,,,,,,,,,,,,,,
,,,,,,,,,,,,,,,,,,,,,,,,,,,,
,,,,,,,,,,,,,,,,,,,,,,,,,,,,
,,,,,,,,,,,,,,,,,,,,,,,,,,,,
,,,,,,,,,,,,,,,,,,,,,,,,,,,,
,,,,,,,,,,,,,,,,,,,,,,,,,,,,
,,,,,,,,,,,,,,,,,,,,,,,,,,,,
,,,,,,,,,,,,,,,,,,,,,,,,,,,,
,,,,,,,,,,,,,,,,,,,,,,,,,,,,
,,,,,,,,,,,,,,,,,,,,,,,,,,,,
,,,,,,,,,,,,,,,,,,,,,,,,,,,,
,,,,,,,,,,,,,,,,,,,,,,,,,,,,
,,,,,,,,,,,,,,,,,,,,,,,,,,,,
,,,,,,,,,,,,,,,,,,,,,,,,,,,,
,,,,,,,,,,,,,,,,,,,,,,,,,,,,
,,,,,,,,,,,,,,,,,,,,,,,,,,,,
,,,,,,,,,,,,,,,,,,,,,,,,,,,,
,,,,,,,,,,,,,,,,,,,,,,,,,,,,
,,,,,,,,,,,,,,,,,,,,,,,,,,,,
,,,,,,,,,,,,,,,,,,,,,,,,,,,,
,,,,,,,,,,,,,,,,,,,,,,,,,,,,
,,,,,,,,,,,,,,,,,,,,,,,,,,,,
,,,,,,,,,,,,,,,,,,,,,,,,,,,,
,,,,,,,,,,,,,,,,,,,,,,,,,,,,
,,,,,,,,,,,,,,,,,,,,,,,,,,,,
,,,,,,,,,,,,,,,,,,,,,,,,,,,,
,,,,,,,,,,,,,,,,,,,,,,,,,,,,
,,,,,,,,,,,,,,,,,,,,,,,,,,,,
,,,,,,,,,,,,,,,,,,,,,,,,,,,,
,,,,,,,,,,,,,,,,,,,,,,,,,,,,
,,,,,,,,,,,,,,,,,,,,,,,,,,,,
,,,,,,,,,,,,,,,,,,,,,,,,,,,,
,,,,,,,,,,,,,,,,,,,,,,,,,,,,
,,,,,,,,,,,,,,,,,,,,,,,,,,,,
,,,,,,,,,,,,,,,,,,,,,,,,,,,,
,,,,,,,,,,,,,,,,,,,,,,,,,,,,
,,,,,,,,,,,,,,,,,,,,,,,,,,,,
,,,,,,,,,,,,,,,,,,,,,,,,,,,,
,,,,,,,,,,,,,,,,,,,,,,,,,,,,
,,,,,,,,,,,,,,,,,,,,,,,,,,,,
,,,,,,,,,,,,,,,,,,,,,,,,,,,,
,,,,,,,,,,,,,,,,,,,,,,,,,,,,
,,,,,,,,,,,,,,,,,,,,,,,,,,,,
,,,,,,,,,,,,,,,,,,,,,,,,,,,,
,,,,,,,,,,,,,,,,,,,,,,,,,,,,
,,,,,,,,,,,,,,,,,,,,,,,,,,,,
,,,,,,,,,,,,,,,,,,,,,,,,,,,,
,,,,,,,,,,,,,,,,,,,,,,,,,,,,
,,,,,,,,,,,,,,,,,,,,,,,,,,,,
,,,,,,,,,,,,,,,,,,,,,,,,,,,,
,,,,,,,,,,,,,,,,,,,,,,,,,,,,
,,,,,,,,,,,,,,,,,,,,,,,,,,,,
,,,,,,,,,,,,,,,,,,,,,,,,,,,,
,,,,,,,,,,,,,,,,,,,,,,,,,,,,
,,,,,,,,,,,,,,,,,,,,,,,,,,,,
,,,,,,,,,,,,,,,,,,,,,,,,,,,,
,,,,,,,,,,,,,,,,,,,,,,,,,,,,
,,,,,,,,,,,,,,,,,,,,,,,,,,,,
,,,,,,,,,,,,,,,,,,,,,,,,,,,,
,,,,,,,,,,,,,,,,,,,,,,,,,,,,
,,,,,,,,,,,,,,,,,,,,,,,,,,,,
,,,,,,,,,,,,,,,,,,,,,,,,,,,,
,,,,,,,,,,,,,,,,,,,,,,,,,,,,
,,,,,,,,,,,,,,,,,,,,,,,,,,,,
,,,,,,,,,,,,,,,,,,,,,,,,,,,,
,,,,,,,,,,,,,,,,,,,,,,,,,,,,
,,,,,,,,,,,,,,,,,,,,,,,,,,,,
,,,,,,,,,,,,,,,,,,,,,,,,,,,,
,,,,,,,,,,,,,,,,,,,,,,,,,,,,
,,,,,,,,,,,,,,,,,,,,,,,,,,,,
,,,,,,,,,,,,,,,,,,,,,,,,,,,,
,,,,,,,,,,,,,,,,,,,,,,,,,,,,
,,,,,,,,,,,,,,,,,,,,,,,,,,,,
,,,,,,,,,,,,,,,,,,,,,,,,,,,,
,,,,,,,,,,,,,,,,,,,,,,,,,,,,
,,,,,,,,,,,,,,,,,,,,,,,,,,,,
,,,,,,,,,,,,,,,,,,,,,,,,,,,,
,,,,,,,,,,,,,,,,,,,,,,,,,,,,
,,,,,,,,,,,,,,,,,,,,,,,,,,,,
,,,,,,,,,,,,,,,,,,,,,,,,,,,,
,,,,,,,,,,,,,,,,,,,,,,,,,,,,
,,,,,,,,,,,,,,,,,,,,,,,,,,,,
,,,,,,,,,,,,,,,,,,,,,,,,,,,,
,,,,,,,,,,,,,,,,,,,,,,,,,,,,
,,,,,,,,,,,,,,,,,,,,,,,,,,,,
,,,,,,,,,,,,,,,,,,,,,,,,,,,,
,,,,,,,,,,,,,,,,,,,,,,,,,,,,
,,,,,,,,,,,,,,,,,,,,,,,,,,,,
,,,,,,,,,,,,,,,,,,,,,,,,,,,,
,,,,,,,,,,,,,,,,,,,,,,,,,,,,
,,,,,,,,,,,,,,,,,,,,,,,,,,,,
,,,,,,,,,,,,,,,,,,,,,,,,,,,,
,,,,,,,,,,,,,,,,,,,,,,,,,,,,
,,,,,,,,,,,,,,,,,,,,,,,,,,,,
,,,,,,,,,,,,,,,,,,,,,,,,,,,,
,,,,,,,,,,,,,,,,,,,,,,,,,,,,
,,,,,,,,,,,,,,,,,,,,,,,,,,,,
,,,,,,,,,,,,,,,,,,,,,,,,,,,,
,,,,,,,,,,,,,,,,,,,,,,,,,,,,
,,,,,,,,,,,,,,,,,,,,,,,,,,,,
,,,,,,,,,,,,,,,,,,,,,,,,,,,,
,,,,,,,,,,,,,,,,,,,,,,,,,,,,
,,,,,,,,,,,,,,,,,,,,,,,,,,,,
,,,,,,,,,,,,,,,,,,,,,,,,,,,,
,,,,,,,,,,,,,,,,,,,,,,,,,,,,
,,,,,,,,,,,,,,,,,,,,,,,,,,,,
,,,,,,,,,,,,,,,,,,,,,,,,,,,,
,,,,,,,,,,,,,,,,,,,,,,,,,,,,
,,,,,,,,,,,,,,,,,,,,,,,,,,,,
,,,,,,,,,,,,,,,,,,,,,,,,,,,,
,,,,,,,,,,,,,,,,,,,,,,,,,,,,
,,,,,,,,,,,,,,,,,,,,,,,,,,,,
,,,,,,,,,,,,,,,,,,,,,,,,,,,,
,,,,,,,,,,,,,,,,,,,,,,,,,,,,
,,,,,,,,,,,,,,,,,,,,,,,,,,,,
,,,,,,,,,,,,,,,,,,,,,,,,,,,,
,,,,,,,,,,,,,,,,,,,,,,,,,,,,
,,,,,,,,,,,,,,,,,,,,,,,,,,,,
,,,,,,,,,,,,,,,,,,,,,,,,,,,,
,,,,,,,,,,,,,,,,,,,,,,,,,,,,
,,,,,,,,,,,,,,,,,,,,,,,,,,,,
,,,,,,,,,,,,,,,,,,,,,,,,,,,,
,,,,,,,,,,,,,,,,,,,,,,,,,,,,
,,,,,,,,,,,,,,,,,,,,,,,,,,,,
,,,,,,,,,,,,,,,,,,,,,,,,,,,,
,,,,,,,,,,,,,,,,,,,,,,,,,,,,
,,,,,,,,,,,,,,,,,,,,,,,,,,,,
,,,,,,,,,,,,,,,,,,,,,,,,,,,,
,,,,,,,,,,,,,,,,,,,,,,,,,,,,
,,,,,,,,,,,,,,,,,,,,,,,,,,,,
,,,,,,,,,,,,,,,,,,,,,,,,,,,,
,,,,,,,,,,,,,,,,,,,,,,,,,,,,
,,,,,,,,,,,,,,,,,,,,,,,,,,,,
,,,,,,,,,,,,,,,,,,,,,,,,,,,,
,,,,,,,,,,,,,,,,,,,,,,,,,,,,
,,,,,,,,,,,,,,,,,,,,,,,,,,,,
,,,,,,,,,,,,,,,,,,,,,,,,,,,,
,,,,,,,,,,,,,,,,,,,,,,,,,,,,
,,,,,,,,,,,,,,,,,,,,,,,,,,,,
,,,,,,,,,,,,,,,,,,,,,,,,,,,,
,,,,,,,,,,,,,,,,,,,,,,,,,,,,
,,,,,,,,,,,,,,,,,,,,,,,,,,,,
,,,,,,,,,,,,,,,,,,,,,,,,,,,,
,,,,,,,,,,,,,,,,,,,,,,,,,,,,
,,,,,,,,,,,,,,,,,,,,,,,,,,,,
,,,,,,,,,,,,,,,,,,,,,,,,,,,,
,,,,,,,,,,,,,,,,,,,,,,,,,,,,
,,,,,,,,,,,,,,,,,,,,,,,,,,,,
,,,,,,,,,,,,,,,,,,,,,,,,,,,,
,,,,,,,,,,,,,,,,,,,,,,,,,,,,
,,,,,,,,,,,,,,,,,,,,,,,,,,,,
,,,,,,,,,,,,,,,,,,,,,,,,,,,,
,,,,,,,,,,,,,,,,,,,,,,,,,,,,
,,,,,,,,,,,,,,,,,,,,,,,,,,,,
,,,,,,,,,,,,,,,,,,,,,,,,,,,,
,,,,,,,,,,,,,,,,,,,,,,,,,,,,
,,,,,,,,,,,,,,,,,,,,,,,,,,,,
,,,,,,,,,,,,,,,,,,,,,,,,,,,,
,,,,,,,,,,,,,,,,,,,,,,,,,,,,
,,,,,,,,,,,,,,,,,,,,,,,,,,,,
,,,,,,,,,,,,,,,,,,,,,,,,,,,,
,,,,,,,,,,,,,,,,,,,,,,,,,,,,
,,,,,,,,,,,,,,,,,,,,,,,,,,,,
,,,,,,,,,,,,,,,,,,,,,,,,,,,,
,,,,,,,,,,,,,,,,,,,,,,,,,,,,
,,,,,,,,,,,,,,,,,,,,,,,,,,,,
,,,,,,,,,,,,,,,,,,,,,,,,,,,,
,,,,,,,,,,,,,,,,,,,,,,,,,,,,
,,,,,,,,,,,,,,,,,,,,,,,,,,,,
,,,,,,,,,,,,,,,,,,,,,,,,,,,,
,,,,,,,,,,,,,,,,,,,,,,,,,,,,
,,,,,,,,,,,,,,,,,,,,,,,,,,,,
,,,,,,,,,,,,,,,,,,,,,,,,,,,,
,,,,,,,,,,,,,,,,,,,,,,,,,,,,
,,,,,,,,,,,,,,,,,,,,,,,,,,,,
,,,,,,,,,,,,,,,,,,,,,,,,,,,,
,,,,,,,,,,,,,,,,,,,,,,,,,,,,
,,,,,,,,,,,,,,,,,,,,,,,,,,,,
,,,,,,,,,,,,,,,,,,,,,,,,,,,,
,,,,,,,,,,,,,,,,,,,,,,,,,,,,
,,,,,,,,,,,,,,,,,,,,,,,,,,,,
,,,,,,,,,,,,,,,,,,,,,,,,,,,,
,,,,,,,,,,,,,,,,,,,,,,,,,,,,
,,,,,,,,,,,,,,,,,,,,,,,,,,,,
,,,,,,,,,,,,,,,,,,,,,,,,,,,,
,,,,,,,,,,,,,,,,,,,,,,,,,,,,
,,,,,,,,,,,,,,,,,,,,,,,,,,,,
,,,,,,,,,,,,,,,,,,,,,,,,,,,,
,,,,,,,,,,,,,,,,,,,,,,,,,,,,
,,,,,,,,,,,,,,,,,,,,,,,,,,,,
,,,,,,,,,,,,,,,,,,,,,,,,,,,,
,,,,,,,,,,,,,,,,,,,,,,,,,,,,
,,,,,,,,,,,,,,,,,,,,,,,,,,,,
,,,,,,,,,,,,,,,,,,,,,,,,,,,,
,,,,,,,,,,,,,,,,,,,,,,,,,,,,
,,,,,,,,,,,,,,,,,,,,,,,,,,,,
,,,,,,,,,,,,,,,,,,,,,,,,,,,,
,,,,,,,,,,,,,,,,,,,,,,,,,,,,
,,,,,,,,,,,,,,,,,,,,,,,,,,,,
,,,,,,,,,,,,,,,,,,,,,,,,,,,,
,,,,,,,,,,,,,,,,,,,,,,,,,,,,
,,,,,,,,,,,,,,,,,,,,,,,,,,,,
,,,,,,,,,,,,,,,,,,,,,,,,,,,,
,,,,,,,,,,,,,,,,,,,,,,,,,,,,
,,,,,,,,,,,,,,,,,,,,,,,,,,,,
,,,,,,,,,,,,,,,,,,,,,,,,,,,,
,,,,,,,,,,,,,,,,,,,,,,,,,,,,
,,,,,,,,,,,,,,,,,,,,,,,,,,,,
,,,,,,,,,,,,,,,,,,,,,,,,,,,,
,,,,,,,,,,,,,,,,,,,,,,,,,,,,
,,,,,,,,,,,,,,,,,,,,,,,,,,,,
,,,,,,,,,,,,,,,,,,,,,,,,,,,,
,,,,,,,,,,,,,,,,,,,,,,,,,,,,
,,,,,,,,,,,,,,,,,,,,,,,,,,,,
,,,,,,,,,,,,,,,,,,,,,,,,,,,,
,,,,,,,,,,,,,,,,,,,,,,,,,,,,
,,,,,,,,,,,,,,,,,,,,,,,,,,,,
,,,,,,,,,,,,,,,,,,,,,,,,,,,,
,,,,,,,,,,,,,,,,,,,,,,,,,,,,
,,,,,,,,,,,,,,,,,,,,,,,,,,,,
,,,,,,,,,,,,,,,,,,,,,,,,,,,,
,,,,,,,,,,,,,,,,,,,,,,,,,,,,
,,,,,,,,,,,,,,,,,,,,,,,,,,,,
,,,,,,,,,,,,,,,,,,,,,,,,,,,,
,,,,,,,,,,,,,,,,,,,,,,,,,,,,
,,,,,,,,,,,,,,,,,,,,,,,,,,,,
,,,,,,,,,,,,,,,,,,,,,,,,,,,,
,,,,,,,,,,,,,,,,,,,,,,,,,,,,
,,,,,,,,,,,,,,,,,,,,,,,,,,,,
,,,,,,,,,,,,,,,,,,,,,,,,,,,,
,,,,,,,,,,,,,,,,,,,,,,,,,,,,
,,,,,,,,,,,,,,,,,,,,,,,,,,,,
,,,,,,,,,,,,,,,,,,,,,,,,,,,,
,,,,,,,,,,,,,,,,,,,,,,,,,,,,
,,,,,,,,,,,,,,,,,,,,,,,,,,,,
,,,,,,,,,,,,,,,,,,,,,,,,,,,,
,,,,,,,,,,,,,,,,,,,,,,,,,,,,
,,,,,,,,,,,,,,,,,,,,,,,,,,,,
,,,,,,,,,,,,,,,,,,,,,,,,,,,,
,,,,,,,,,,,,,,,,,,,,,,,,,,,,
,,,,,,,,,,,,,,,,,,,,,,,,,,,,
,,,,,,,,,,,,,,,,,,,,,,,,,,,,
,,,,,,,,,,,,,,,,,,,,,,,,,,,,
,,,,,,,,,,,,,,,,,,,,,,,,,,,,
,,,,,,A.S Construction equipment godown,,,,,,,,,,,,,,,,,,,,,,